School,City,State,Conference,Division,StateCode,OPEID,AdmissionRate,SAT,Cost,Longitude,Latitude,Lev
Bryant University,Smithfield,Rhode Island,America East Conference,D1,RI,340200.0,0.7579,1211.0,62855.0,-71.539547,41.920092,0
New Jersey Institute of Technology,Newark,New Jersey,America East Conference,D1,NJ,262100.0,0.6603,1299.0,31511.0,-74.177113,40.741997,0
University of Massachusetts-Lowell,Lowell,Massachusetts,America East Conference,D1,MA,216100.0,0.752,1232.0,29174.0,-71.326809,42.652864,1
University of Vermont,Burlington,Vermont,America East Conference,D1,VT,369600.0,0.7132,1276.0,34707.0,-73.196646,44.477325,0
University of North Carolina at Charlotte,Charlotte,North Carolina,American Athletic Conference,D1,NC,297500.0,0.7953,1200.0,23478.0,-80.730919,35.306022,0
Florida Atlantic University,Boca Raton,Florida,American Athletic Conference,D1,FL,148100.0,0.7478,1147.0,21761.0,-80.102978,26.372421,0
University of Memphis,Memphis,Tennessee,American Athletic Conference,D1,TN,350900.0,0.852,1132.0,24139.0,-89.938068,35.118878,0
Southern Methodist University,Dallas,Texas,American Athletic Conference,D1,TX,361300.0,0.5267,1388.0,76346.0,-96.783365,32.843612,0
University of South Florida,Tampa,Florida,American Athletic Conference,D1,FL,153700.0,0.4924,1256.0,21134.0,-82.413232,28.061458,0
Temple University,Philadelphia,Pennsylvania,American Athletic Conference,D1,PA,337100.0,0.7142,,33226.0,-75.156859,39.980546,0
University of Tulsa,Tulsa,Oklahoma,American Athletic Conference,D1,OK,318500.0,0.6922,1255.0,58637.0,-95.945941,36.152324,0
University of Alabama at Birmingham,Birmingham,Alabama,American Athletic Conference,D1,AL,105200.0,0.806,1245.0,25542.0,-86.799345,33.505697,0
University of Central Florida,Orlando,Florida,Sun Belt Conference,D1,FL,395400.0,0.4517,1261.0,21309.0,-81.200889,28.602159,0
Bellarmine University,Louisville,Kentucky,ASUN Conference,D1,KY,195400.0,0.8237,1196.0,56319.0,-85.704997,38.219279,0
University of Central Arkansas,Conway,Arkansas,ASUN Conference,D1,AR,109200.0,0.9378,1166.0,23185.0,-92.457672,35.077945,0
Florida Gulf Coast University,Fort Myers,Florida,ASUN Conference,D1,FL,3255300.0,0.7749,1142.0,18151.0,-81.7726,26.463638,0
Jacksonville University,Jacksonville,Florida,ASUN Conference,D1,FL,149500.0,0.7774,1115.0,54991.0,-81.60458,30.353227,0
Liberty University,Lynchburg,Virginia,Possibly ASUN Conference,D1,VA,2053000.0,0.5013,1172.0,40567.0,-79.18222,37.350232,0
Lipscomb University,Nashville,Tennessee,ASUN Conference,D1,TN,348600.0,0.615,1226.0,49074.0,-86.799791,36.106253,0
University of North Florida,Jacksonville,Florida,ASUN Conference,D1,FL,984100.0,0.7992,1144.0,19469.0,-81.509144,30.27194,0
Stetson University,DeLand,Florida,ASUN Conference,D1,FL,153100.0,0.8149,,63006.0,-81.300746,29.035475,0
Davidson College,Davidson,North Carolina,Atlantic 10 Conference,D1,NC,291800.0,0.2,1402.0,70744.0,-80.843979,35.499767,0
University of Dayton,Dayton,Ohio,Atlantic 10 Conference,D1,OH,312700.0,0.8111,1233.0,60900.0,-84.176113,39.739547,0
Duquesne University,Pittsburgh,Pennsylvania,Atlantic 10 Conference,D1,PA,325800.0,0.7719,1207.0,56199.0,-79.993123,40.43589,0
George Mason University,Fairfax,Virginia,Atlantic 10 Conference,D1,VA,374900.0,0.892,1208.0,25717.0,-77.307428,38.829976,0
George Washington University,Washington,District of Columbia,Atlantic 10 Conference,D1,DC,144400.0,0.4304,1385.0,74023.0,-77.048363,38.89923,0
La Salle University,Philadelphia,Pennsylvania,Atlantic 10 Conference,D1,PA,328700.0,0.7635,,45298.0,-75.153061,40.037979,0
Loyola University Chicago,Chicago,Illinois,Atlantic 10 Conference,D1,IL,171000.0,0.7054,1261.0,60717.0,-87.656872,42.000765,0
University of Massachusetts-Amherst,Amherst,Massachusetts,Atlantic 10 Conference,D1,MA,222100.0,0.6532,1307.0,31749.0,-72.526728,42.385999,1
University of Rhode Island,Kingston,Rhode Island,Atlantic 10 Conference,D1,RI,341400.0,0.7551,1183.0,30339.0,-71.527356,41.484691,0
Saint Joseph's University,Philadelphia,Pennsylvania,Atlantic 10 Conference,D1,PA,336700.0,0.8007,1205.0,63223.0,-75.238343,39.994442,0
Virginia Commonwealth University,Richmond,Virginia,Atlantic 10 Conference,D1,VA,373500.0,0.906,1163.0,31983.0,-77.452697,37.54962,0
Boston College,Chestnut Hill,Massachusetts,Atlantic Coast Conference,D1,MA,212800.0,0.2638,1433.0,75872.0,-71.169242,42.336213,0
Clemson University,Clemson,South Carolina,Atlantic Coast Conference,D1,SC,342500.0,0.6194,1327.0,32254.0,-82.835114,34.679381,0
Duke University,Durham,North Carolina,Atlantic Coast Conference,D1,NC,292000.0,0.0774,1530.0,77846.0,-78.937624,36.001135,0
University of Louisville,Louisville,Kentucky,Atlantic Coast Conference,D1,KY,199900.0,0.6512,1198.0,28247.0,-85.760412,38.216862,0
University of North Carolina at Chapel Hill,Chapel Hill,North Carolina,Atlantic Coast Conference,D1,NC,297400.0,0.25,1393.0,24220.0,-79.050969,35.911769,0
Syracuse University,Syracuse,New York,Atlantic Coast Conference,D1,NY,288200.0,0.6872,,72780.0,-76.136975,43.040176,0
Virginia Polytechnic Institute and State University,Blacksburg,Virginia,Atlantic Coast Conference,D1,VA,375400.0,0.6577,1280.0,27283.0,-80.423675,37.229012,0
Wake Forest University,Winston-Salem,North Carolina,Atlantic Coast Conference,D1,NC,297800.0,0.3198,,74135.0,-80.277446,36.133609,0
Butler University,Indianapolis,Indiana,Big East Conference,D1,IN,178800.0,0.7569,1265.0,61623.0,-86.172167,39.8374,0
Creighton University,Omaha,Nebraska,Big East Conference,D1,NE,254200.0,0.6402,,56120.0,-95.947811,41.265361,0
DePaul University,Chicago,Illinois,Big East Conference,D1,IL,167100.0,0.7024,,57122.0,-87.62724,41.877618,0
Georgetown University,Washington,District of Columbia,Big East Conference,D1,DC,144500.0,0.1681,1473.0,76280.0,-77.073463,38.908809,0
Marquette University,Milwaukee,Wisconsin,Big East Conference,D1,WI,386300.0,0.8249,1285.0,59725.0,-87.927961,43.03903,0
Providence College,Providence,Rhode Island,Big East Conference,D1,RI,340600.0,0.5386,1301.0,69407.0,-71.437446,41.842742,0
Seton Hall University,South Orange,New Jersey,Big East Conference,D1,NJ,263200.0,0.7823,1244.0,60646.0,-74.246027,40.742336,0
University of Connecticut,Storrs,Connecticut,Big East Conference,D1,CT,141700.0,0.6379,1222.0,33896.0,-72.249948,41.809098,0
Xavier University,Cincinnati,Ohio,Big East Conference,D1,OH,314400.0,0.8122,1198.0,58260.0,-84.47465,39.149547,0
Campbell University,Buies Creek,North Carolina,Colonial Athletic Association,D1,NC,291300.0,0.8129,1115.0,51131.0,-78.738238,35.409149,0
Gardner-Webb University,Boiling Springs,North Carolina,Big South Conference,D1,NC,292900.0,0.7795,1074.0,45333.0,-81.668141,35.24732,1
High Point University,High Point,North Carolina,Big South Conference,D1,NC,293300.0,0.7705,1182.0,54296.0,-79.994675,35.972035,0
Longwood University,Farmville,Virginia,Big South Conference,D1,VA,371900.0,0.8734,1052.0,28821.0,-78.39575,37.301137,0
Presbyterian College,Clinton,South Carolina,Big South Conference,D1,SC,344500.0,0.7083,1123.0,53720.0,-81.87448,34.465834,0
Radford University,Radford,Virginia,Big South Conference,D1,VA,373200.0,0.7868,,24234.0,-80.549728,37.136907,0
University of North Carolina at Asheville,Asheville,North Carolina,Big South Conference,D1,NC,290700.0,0.7942,1185.0,20127.0,-82.565392,35.617068,0
University of South Carolina-Upstate,Spartanburg,South Carolina,Big South Conference,D1,SC,695100.0,0.5954,1005.0,23660.0,-81.970583,34.996403,1
Winthrop University,Rock Hill,South Carolina,Big South Conference,D1,SC,345600.0,0.6394,1072.0,29266.0,-81.031404,34.941515,0
Indiana University-Bloomington,Bloomington,Indiana,Big Ten Conference,D1,IN,180900.0,0.8038,1261.0,25587.0,-86.526559,39.16609,1
University of Maryland-College Park,College Park,Maryland,Big Ten Conference,D1,MD,210300.0,0.5096,1391.0,27343.0,-76.944721,38.988178,2
Michigan State University,East Lansing,Michigan,Big Ten Conference,D1,MI,229000.0,0.7631,1216.0,28626.0,-84.476111,42.73212,0
Northwestern University,Evanston,Illinois,Big Ten Conference,D1,IL,173900.0,0.0931,1505.0,78654.0,-87.679858,42.050356,0
Rutgers University-New Brunswick,New Brunswick,New Jersey,Big Ten Conference,D1,NJ,262900.0,0.6986,1253.0,32022.0,-74.446251,40.498769,1
University of Wisconsin-Madison,Madison,Wisconsin,Big Ten Conference,D1,WI,389500.0,0.5725,1364.0,26393.0,-89.404098,43.075409,1
California State University-Bakersfield,Bakersfield,California,Big West Conference,D1,CA,799300.0,0.7838,,18661.0,-119.104711,35.350005,2
California State University-Fullerton,Fullerton,California,Big West Conference,D1,CA,113700.0,0.6762,1085.0,17791.0,-117.885446,33.881506,2
California State University-Sacramento,Sacramento,California,Big West Conference,D1,CA,115000.0,0.8309,1033.0,21576.0,-121.423549,38.559415,2
University of California-Davis,Davis,California,Big West Conference,D1,CA,131300.0,0.4635,1299.0,35532.0,-121.749567,38.539667,2
University of California-Irvine,Irvine,California,Big West Conference,D1,CA,131400.0,0.2992,1339.0,34355.0,-117.841248,33.648434,2
University of California-Riverside,Riverside,California,Big West Conference,D1,CA,131600.0,0.6578,1200.0,30561.0,-117.32741,33.97246,2
University of California-Santa Barbara,Santa Barbara,California,Big West Conference,D1,CA,132000.0,0.367,1369.0,36492.0,-119.846426,34.416297,2
College of Charleston,Charleston,South Carolina,Colonial Athletic Association,D1,SC,342800.0,0.7432,1175.0,29545.0,-79.939794,32.784225,0
University of Delaware,Newark,Delaware,Colonial Athletic Association,D1,DE,143100.0,0.6599,1254.0,28708.0,-75.752822,39.679577,0
Drexel University,Philadelphia,Pennsylvania,Colonial Athletic Association,D1,PA,325600.0,0.7719,1287.0,69397.0,-75.190051,39.955217,0
Elon University,Elon,North Carolina,Colonial Athletic Association,D1,NC,292700.0,0.717,1258.0,52587.0,-79.50344,36.104148,0
Hofstra University,Hempstead,New York,Colonial Athletic Association,D1,NY,273200.0,0.6911,,62917.0,-73.60078,40.715959,0
Monmouth University,West Long Branch,New Jersey,Colonial Athletic Association,D1,NJ,261600.0,0.7893,1130.0,55898.0,-74.006447,40.280066,0
Northeastern University,Boston,Massachusetts,Colonial Athletic Association,D1,MA,219900.0,0.2048,1492.0,73196.0,-71.088782,42.339992,0
Stony Brook University,Stony Brook,New York,Colonial Athletic Association,D1,NY,283800.0,0.4891,1337.0,26270.0,-73.12046,40.91476,0
University of North Carolina Wilmington,Wilmington,North Carolina,Colonial Athletic Association,D1,NC,298400.0,0.6797,1226.0,24837.0,-77.875527,34.225223,0
Cleveland State University,Cleveland,Ohio,Horizon League,D1,OH,303200.0,0.936,1088.0,24010.0,-81.674355,41.502281,0
University of Detroit Mercy,Detroit,Michigan,Horizon League,D1,MI,232300.0,0.795,1165.0,38440.0,-83.139158,42.414222,0
University of Wisconsin-Green Bay,Green Bay,Wisconsin,Horizon League,D1,WI,389900.0,0.8982,1085.0,17509.0,-87.919973,44.532298,1
Indiana University-Purdue University-Indianapolis,Indianapolis,Indiana,Horizon League,D1,IN,181300.0,0.7854,1102.0,21127.0,-86.172217,39.772948,4
University of Wisconsin-Milwaukee,Milwaukee,Wisconsin,Horizon League,D1,WI,389600.0,0.787,1105.0,21984.0,-87.880488,43.076848,1
Northern Kentucky University,Highland Heights,Kentucky,Horizon League,D1,KY,927500.0,0.8703,1144.0,17869.0,-84.463483,39.029714,0
Purdue University Fort Wayne,Fort Wayne,Indiana,Horizon League,D1,IN,182800.0,0.8278,1090.0,19224.0,-85.108962,41.117278,0
Robert Morris University,Moon Township,Pennsylvania,Horizon League,D1,PA,335900.0,0.8563,1140.0,47724.0,-80.210468,40.520415,0
Chicago State University,Chicago,Illinois,Independent,D1,IL,169400.0,0.4642,887.0,21867.0,-87.609384,41.718446,0
Brown University,Providence,Rhode Island,Ivy League,D1,RI,340100.0,0.0767,1508.0,77490.0,-71.40385,41.82617,0
Cornell University,Ithaca,New York,Ivy League,D1,NY,271100.0,0.1071,1480.0,75204.0,-76.483084,42.4472,0
Dartmouth College,Hanover,New Hampshire,Ivy League,D1,NH,257300.0,0.0922,1500.0,77152.0,-72.289949,43.704115,0
Princeton University,Princeton,New Jersey,Ivy League,D1,NJ,262700.0,0.0563,1506.0,74150.0,-74.659365,40.348732,0
University of Pennsylvania,Philadelphia,Pennsylvania,Ivy League,D1,PA,337800.0,0.0898,1517.0,78186.0,-75.19391,39.950929,0
Yale University,New Haven,Connecticut,Ivy League,D1,CT,142600.0,0.0653,1520.0,76645.0,-72.926688,41.311158,0
Canisius College,Buffalo,New York,Metro Atlantic Athletic Conference,D1,NY,268100.0,0.7602,1152.0,39217.0,-78.852577,42.925206,0
Fairfield University,Fairfield,Connecticut,Metro Atlantic Athletic Conference,D1,CT,138500.0,0.5613,1281.0,67080.0,-73.255903,41.157673,0
Marist College,Poughkeepsie,New York,Metro Atlantic Athletic Conference,D1,NY,276500.0,0.5505,,60670.0,-73.935484,41.720937,0
Mount St. Mary's University,Emmitsburg,Maryland,Metro Atlantic Athletic Conference,D1,MD,208600.0,0.8045,1082.0,57867.0,-77.351887,39.681705,0
Quinnipiac University,Hamden,Connecticut,Metro Atlantic Athletic Conference,D1,CT,140200.0,0.8239,,66237.0,-72.894117,41.418915,0
Rider University,Lawrenceville,New Jersey,Metro Atlantic Athletic Conference,D1,NJ,262800.0,0.7566,1124.0,61693.0,-74.737833,40.278796,0
Saint Peter's University,Jersey City,New Jersey,Metro Atlantic Athletic Conference,D1,NJ,263800.0,0.8464,,47570.0,-74.071541,40.727105,0
Siena College,Loudonville,New York,Metro Atlantic Athletic Conference,D1,NY,281600.0,0.8066,,58200.0,-73.7526,42.717602,0
Belmont University,Nashville,Tennessee,Missouri Valley Conference,D1,TN,347900.0,0.8323,1244.0,54595.0,-86.794807,36.135589,0
Bradley University,Peoria,Illinois,Missouri Valley Conference,D1,IL,164100.0,0.7328,1196.0,48295.0,-89.616786,40.696896,0
Drake University,Des Moines,Iowa,Missouri Valley Conference,D1,IA,186000.0,0.6792,1254.0,57643.0,-93.652163,41.60129,0
University of Evansville,Evansville,Indiana,Missouri Valley Conference,D1,IN,179500.0,0.643,,50986.0,-87.531644,37.971549,0
Northern Illinois University,Dekalb,Illinois,Missouri Valley Conference,D1,IL,173700.0,0.5925,,26312.0,-88.766428,41.933869,0
Southern Illinois University-Edwardsville,Edwardsville,Illinois,Missouri Valley Conference,D1,IL,175900.0,0.8505,1154.0,24244.0,-89.997779,38.793949,1
University of Illinois Chicago,Chicago,Illinois,Missouri Valley Conference,D1,IL,177600.0,0.7263,1159.0,25831.0,-87.650503,41.871837,0
Western Michigan University,Kalamazoo,Michigan,Missouri Valley Conference,D1,MI,233000.0,0.8494,1129.0,26567.0,-85.613759,42.282194,0
Central Connecticut State University,New Britain,Connecticut,Northeast Conference,D1,CT,137800.0,0.6485,1062.0,22518.0,-72.765991,41.692502,0
Howard University,Washington,District of Columbia,Northeast Conference,D1,DC,144800.0,0.3864,1192.0,45971.0,-77.018966,38.922392,0
Long Island University,Brookville,New York,Northeast Conference,D1,NY,275100.0,0.8501,1194.0,50591.0,-73.593678,40.820714,0
Merrimack College,North Andover,Massachusetts,Northeast Conference,D1,MA,212000.0,0.8164,,59617.0,-71.124216,42.668344,0
Sacred Heart University,Fairfield,Connecticut,Northeast Conference,D1,CT,140300.0,0.6553,,61591.0,-73.243332,41.220893,0
Saint Francis University,Loretto,Pennsylvania,Northeast Conference,D1,PA,336600.0,0.5935,1134.0,54101.0,-78.63904,40.506734,0
Stonehill College,Easton,Massachusetts,Northeast Conference,D1,MA,221700.0,0.6896,,62253.0,-71.080632,42.05905,0
University of California-Berkeley,Berkeley,California,Pac-12 Conference,D1,CA,131200.0,0.1748,1437.0,39016.0,-122.260463,37.871918,2
Oregon State University,Corvallis,Oregon,Pac-12 Conference,D1,OR,321000.0,0.8173,1201.0,27595.0,-123.274723,44.56395,0
San Diego State University,San Diego,California,Pac-12 Conference,D1,CA,115100.0,0.367,1207.0,23367.0,-117.071228,32.77525,0
Stanford University,Stanford,California,Pac-12 Conference,D1,CA,130500.0,0.0519,1491.0,74570.0,-122.167359,37.429434,0
University of California-Los Angeles,Los Angeles,California,Pac-12 Conference,D1,CA,131500.0,0.1433,,35497.0,-118.442179,34.07178,2
American University,Washington,District of Columbia,Patriot League,D1,DC,143400.0,0.3865,1328.0,66416.0,-77.088875,38.936005,0
Boston University,Boston,Massachusetts,Patriot League,D1,MA,213000.0,0.2009,1419.0,74911.0,-71.107942,42.351118,0
Bucknell University,Lewisburg,Pennsylvania,Patriot League,D1,PA,323800.0,0.3753,1353.0,75400.0,-76.882616,40.954317,0
Colgate University,Hamilton,New York,Patriot League,D1,NY,270100.0,0.2747,1404.0,75000.0,-75.536346,42.819475,0
College of the Holy Cross,Worcester,Massachusetts,Patriot League,D1,MA,214100.0,0.3794,1371.0,71448.0,-71.808214,42.23752,0
Lafayette College,Easton,Pennsylvania,Patriot League,D1,PA,328400.0,0.3557,1360.0,74016.0,-75.209786,40.69956,0
Lehigh University,Bethlehem,Pennsylvania,Patriot League,D1,PA,328900.0,0.4954,1366.0,71310.0,-75.380236,40.606822,0
Loyola University Maryland,Baltimore,Maryland,Patriot League,D1,MD,207800.0,0.8024,,67196.0,-76.621872,39.346358,0
United States Naval Academy,Annapolis,Maryland,Patriot League,D1,MD,210100.0,0.0908,1367.0,,-76.481692,38.980507,0
East Tennessee State University,Johnson City,Tennessee,Southern Conference,D1,TN,348700.0,0.7838,1167.0,22323.0,-82.366954,36.301643,0
Furman University,Greenville,South Carolina,Southern Conference,D1,SC,343400.0,0.6525,1356.0,67299.0,-82.440458,34.924676,0
Mercer University,Macon,Georgia,Southern Conference,D1,GA,158000.0,0.7816,1285.0,52940.0,-83.648295,32.831787,0
University of North Carolina at Greensboro,Greensboro,North Carolina,Southern Conference,D1,NC,297600.0,0.8754,1093.0,19179.0,-79.809414,36.068236,0
Virginia Military Institute,Lexington,Virginia,Southern Conference,D1,VA,375300.0,0.5988,1180.0,32420.0,-79.437067,37.7896,0
Wofford College,Spartanburg,South Carolina,Southern Conference,D1,SC,345700.0,0.53,,62262.0,-81.933568,34.959411,0
University of Denver,Denver,Colorado,The Summit League,D1,CO,137100.0,0.6067,1296.0,69469.0,-104.963259,39.678005,0
Eastern Illinois University,Charleston,Illinois,The Summit League,D1,IL,167400.0,0.5554,1058.0,24125.0,-88.175658,39.479843,0
University of Missouri-Kansas City,Kansas City,Missouri,The Summit League,D1,MO,251800.0,0.6301,1184.0,22897.0,-94.582141,39.034179,1
Oral Roberts University,Tulsa,Oklahoma,The Summit League,D1,OK,398500.0,0.7839,1133.0,44006.0,-95.952547,36.049129,0
University of St Thomas,Saint Paul,Minnesota,The Summit League,D1,MN,234500.0,0.874,1249.0,57785.0,-93.188986,44.943439,1
University of Southern Indiana,Evansville,Indiana,The Summit League,D1,IN,180800.0,0.9387,1089.0,20146.0,-87.677214,37.962374,0
Western Illinois University,Macomb,Illinois,The Summit League,D1,IL,178000.0,0.6696,1011.0,26287.0,-90.686899,40.468086,0
Coastal Carolina University,Conway,South Carolina,Sun Belt Conference,D1,SC,345100.0,0.7045,1108.0,24313.0,-79.011767,33.794995,0
Georgia Southern University,Statesboro,Georgia,Sun Belt Conference,D1,GA,157200.0,0.9117,1083.0,22608.0,-81.784045,32.426153,0
Georgia State University,Atlanta,Georgia,Sun Belt Conference,D1,GA,157400.0,0.8094,1147.0,27206.0,-84.38667,33.7527,0
James Madison University,Harrisonburg,Virginia,Sun Belt Conference,D1,VA,372100.0,0.8049,1207.0,27996.0,-78.870484,38.436311,0
University of Kentucky,Lexington,Kentucky,Sun Belt Conference,D1,KY,198900.0,0.9636,1223.0,30178.0,-84.504747,38.038911,0
Marshall University,Huntington,West Virginia,Sun Belt Conference,D1,WV,381500.0,0.8925,1080.0,19586.0,-82.428964,38.422482,0
Old Dominion University,Norfolk,Virginia,Sun Belt Conference,D1,VA,372800.0,0.9541,1071.0,25722.0,-76.30666,36.886418,0
West Virginia University,Morgantown,West Virginia,Sun Belt Conference,D1,WV,382700.0,0.822,1145.0,22680.0,-79.954391,39.634371,0
Gonzaga University,Spokane,Washington,West Coast Conference,D1,WA,377800.0,0.7289,1272.0,61761.0,-117.400625,47.666531,0
Loyola Marymount University,Los Angeles,California,West Coast Conference,D1,CA,1164900.0,0.5014,1320.0,70235.0,-118.415744,33.97085,0
University of the Pacific,Stockton,California,West Coast Conference,D1,CA,132900.0,0.7075,1221.0,64784.0,-121.312301,37.981424,0
University of Portland,Portland,Oregon,West Coast Conference,D1,OR,322400.0,0.7722,1233.0,64049.0,-122.726691,45.572724,0
Saint Mary's College of California,Moraga,California,West Coast Conference,D1,CA,130200.0,0.7731,1174.0,69071.0,-122.109031,37.840731,0
University of San Diego,San Diego,California,West Coast Conference,D1,CA,1039500.0,0.587,,70440.0,-117.192073,32.770816,0
University of San Francisco,San Francisco,California,West Coast Conference,D1,CA,132500.0,0.703,1248.0,69987.0,-122.450477,37.776618,0
Santa Clara University,Santa Clara,California,West Coast Conference,D1,CA,132600.0,0.5072,1367.0,74297.0,-121.93784,37.348362,0
California Baptist University,Riverside,California,Western Athletic Conference,D1,CA,112500.0,0.8018,1064.0,48731.0,-117.425619,33.929321,0
Grand Canyon University,Phoenix,Arizona,Western Athletic Conference,D1,AZ,107400.0,0.8069,,31376.0,-112.129929,33.513231,0
San Jose State University,San Jose,California,Western Athletic Conference,D1,CA,115500.0,0.6737,1127.0,25747.0,-121.880621,37.336569,0
Seattle University,Seattle,Washington,Western Athletic Conference,D1,WA,379000.0,0.8323,1249.0,63439.0,-122.318851,47.608859,0
Utah Valley University,Orem,Utah,Western Athletic Conference,D1,UT,402700.0,,,13597.0,-111.716456,40.281078,0
Academy of Art University,San Francisco,California,Pacific West Conference,D2,CA,753100.0,,,43976.0,-122.400578,37.787943,0
Adams State University,Alamosa,Colorado,Rocky Mountain Athletic Conference,D2,CO,134500.0,0.9988,1004.0,22317.0,-105.879642,37.473636,0
Adelphi University,Garden City,New York,Northeast-10 Conference,D2,NY,266600.0,0.7461,1162.0,53535.0,-73.653321,40.721439,0
University of Alabama in Huntsville,Huntsville,Alabama,Gulf South Conference,D2,AL,105500.0,0.7711,1300.0,24861.0,-86.640449,34.724557,0
Alderson Broaddus University,Philippi,West Virginia,Mountain East Conference,D2,WV,380600.0,0.5276,972.0,42676.0,-80.047728,39.158067,0
American International College,Springfield,Massachusetts,Northeast-10 Conference,D2,MA,211400.0,0.6938,1015.0,51505.0,-72.558338,42.112346,0
Anderson University,Anderson,South Carolina,South Atlantic Conference,D2,SC,341800.0,0.592,,44481.0,-82.640358,34.5152,0
Ashland University,Ashland,Ohio,Great Midwest Athletic Conference,D2,OH,301200.0,0.7435,1105.0,33775.0,-82.321061,40.861755,0
Assumption University,Worcester,Massachusetts,Northeast-10 Conference,D2,MA,211800.0,0.8092,,57238.0,-71.828991,42.294226,0
Auburn University at Montgomery,Montgomery,Alabama,Gulf South Conference,D2,AL,831000.0,0.9555,1061.0,20225.0,-86.177544,32.36736,0
Azusa Pacific University,Azusa,California,Pacific West Conference,D2,CA,111700.0,0.936,,56802.0,-117.888375,34.130047,0
Barton College,Wilson,North Carolina,Conference Carolinas,D2,NC,290800.0,0.4244,1030.0,46539.0,-77.913867,35.734376,0
Belmont Abbey College,Belmont,North Carolina,Conference Carolinas,D2,NC,291000.0,0.801,1085.0,31943.0,-81.041315,35.260651,0
Bentley University,Waltham,Massachusetts,Northeast-10 Conference,D2,MA,212400.0,0.5782,1281.0,71094.0,-71.222839,42.385995,0
Biola University,La Mirada,California,Pacific West Conference,D2,CA,112200.0,0.6438,1196.0,58012.0,-118.014374,33.906203,0
Bloomfield College,Bloomfield,New Jersey,Central Atlantic Collegiate Conference,D2,NJ,259700.0,0.8465,889.0,43493.0,-74.194309,40.795105,0
Bloomsburg University of Pennsylvania,Bloomsburg,Pennsylvania,Pennsylvania State Athletic Conference,D2,PA,331500.0,0.8903,,25058.0,-76.447844,41.00782,0
University of Bridgeport,Bridgeport,Connecticut,Central Atlantic Collegiate Conference,D2,CT,141600.0,0.7095,1026.0,53853.0,-73.190166,41.164741,0
Caldwell University,Caldwell,New Jersey,Central Atlantic Collegiate Conference,D2,NJ,259800.0,0.9152,1017.0,50245.0,-74.272571,40.832753,0
California State Polytechnic University-Humboldt,Arcata,California,California Collegiate Athletic Association,D2,CA,114900.0,0.8514,1081.0,24991.0,-124.078293,40.877481,2
California State Polytechnic University-Pomona,Pomona,California,California Collegiate Athletic Association,D2,CA,114400.0,0.6481,1134.0,22365.0,-117.821476,34.057912,2
California State University-Chico,Chico,California,California Collegiate Athletic Association,D2,CA,114600.0,0.9017,1073.0,25073.0,-121.844859,39.729712,2
California State University-Dominguez Hills,Carson,California,California Collegiate Athletic Association,D2,CA,114100.0,0.812,,15019.0,-118.255917,33.864766,2
California State University-East Bay,Hayward,California,California Collegiate Athletic Association,D2,CA,113800.0,0.7328,,23357.0,-122.054135,37.657694,2
California State University-Los Angeles,Los Angeles,California,California Collegiate Athletic Association,D2,CA,114000.0,0.7648,964.0,15307.0,-118.168965,34.066927,2
California State University-Monterey Bay,Seaside,California,California Collegiate Athletic Association,D2,CA,3260300.0,0.8562,1058.0,23389.0,-121.796178,36.652397,2
California State University-San Bernardino,San Bernardino,California,California Collegiate Athletic Association,D2,CA,114200.0,0.7812,988.0,19114.0,-117.323801,34.182622,2
California State University-San Marcos,San Marcos,California,California Collegiate Athletic Association,D2,CA,3011300.0,0.7942,1039.0,22531.0,-117.159013,33.130569,1
California State University-Stanislaus,Turlock,California,California Collegiate Athletic Association,D2,CA,115700.0,0.8932,,17424.0,-120.852511,37.52577,2
Carson-Newman University,Jefferson City,Tennessee,South Atlantic Conference,D2,TN,348100.0,0.7932,1107.0,40422.0,-83.491709,36.122934,1
Catawba College,Salisbury,North Carolina,South Atlantic Conference,D2,NC,291400.0,0.5212,1038.0,44235.0,-80.482751,35.691443,0
Cedarville University,Cedarville,Ohio,Great Midwest Athletic Conference,D2,OH,302500.0,0.5933,1251.0,42318.0,-83.814692,39.749237,0
University of Charleston,Charleston,West Virginia,Mountain East Conference,D2,WV,381800.0,0.6148,1079.0,43829.0,-81.616244,38.333367,0
Chestnut Hill College,Philadelphia,Pennsylvania,Central Atlantic Collegiate Conference,D2,PA,324500.0,0.7114,995.0,54599.0,-75.228742,40.08678,0
Chowan University,Murfreesboro,North Carolina,Conference Carolinas,D2,NC,291600.0,0.6736,891.0,37161.0,-77.099141,36.436258,0
Christian Brothers University,Memphis,Tennessee,Gulf South Conference,D2,TN,348200.0,0.4994,1190.0,43939.0,-89.983241,35.127437,0
Clayton  State University,Morrow,Georgia,Peach Belt Conference,D2,GA,897600.0,0.6854,,18374.0,-84.328174,33.594079,1
Coker University,Hartsville,South Carolina,South Atlantic Conference,D2,SC,342700.0,0.9306,1008.0,42395.0,-80.070416,34.37696,0
Colorado Christian University,Lakewood,Colorado,Rocky Mountain Athletic Conference,D2,CO,940100.0,,,46894.0,-105.09456,39.71388,0
Colorado Mesa University,Grand Junction,Colorado,Rocky Mountain Athletic Conference,D2,CO,135800.0,0.7544,,22143.0,-108.553275,39.080643,0
Colorado School of Mines,Golden,Colorado,Rocky Mountain Athletic Conference,D2,CO,134800.0,0.5497,1372.0,36107.0,-105.223364,39.751443,0
Colorado State University Pueblo,Pueblo,Colorado,Rocky Mountain Athletic Conference,D2,CO,136500.0,0.9431,1022.0,21950.0,-104.579033,38.30859,1
University of Colorado Colorado Springs,Colorado Springs,Colorado,Rocky Mountain Athletic Conference,D2,CO,450900.0,0.8961,,22169.0,-104.800296,38.892735,0
Concord University,Athens,West Virginia,Mountain East Conference,D2,WV,381000.0,0.914,972.0,16824.0,-81.006696,37.423723,0
Concordia University-Irvine,Irvine,California,Pacific West Conference,D2,CA,2070500.0,0.7818,1128.0,53235.0,-117.812305,33.653665,1
Converse University,Spartanburg,South Carolina,Conference Carolinas,D2,SC,343100.0,0.8244,1067.0,33858.0,-81.917881,34.955534,0
Daemen University,Amherst,New York,East Coast Conference,D2,NY,280800.0,0.6178,,40900.0,-78.788111,42.965605,0
Dallas Baptist University,Dallas,Texas,Lone Star Conference,D2,TX,356000.0,0.9858,1117.0,42855.0,-96.947006,32.710017,0
Davenport University,Grand Rapids,Michigan,Great Lakes Intercollegiate Athletic Conference,D2,MI,224900.0,0.9256,,31321.0,-85.533519,42.850013,0
Davis & Elkins College,Elkins,West Virginia,Mountain East Conference,D2,WV,381100.0,0.6905,,42233.0,-79.846022,38.931232,0
Delta State University,Cleveland,Mississippi,Gulf South Conference,D2,MS,240300.0,0.9961,1063.0,20678.0,-90.735365,33.744745,0
University of the District of Columbia,Washington,District of Columbia,East Coast Conference,D2,DC,144100.0,,,22638.0,-77.066247,38.943819,0
Dominican University of California,San Rafael,California,Pacific West Conference,D2,CA,119600.0,0.8574,1162.0,67366.0,-122.512051,37.981279,0
Drury University,Springfield,Missouri,Great Lakes Valley Conference,D2,MO,246100.0,0.7068,1208.0,40913.0,-93.286192,37.219681,0
East Stroudsburg University of Pennsylvania,East Stroudsburg,Pennsylvania,Pennsylvania State Athletic Conference,D2,PA,332000.0,0.905,1007.0,24870.0,-75.173905,40.99599,0
Emmanuel College,Franklin Springs,Georgia,Conference Carolinas,D2,GA,156300.0,0.5275,1005.0,31589.0,-83.14822,34.283641,0
Erskine College,Due West,South Carolina,Conference Carolinas,D2,SC,343200.0,0.6,1012.0,52411.0,-82.39095,34.332087,0
Florida Southern College,Lakeland,Florida,Sunshine State Conference,D2,FL,148800.0,0.5037,1230.0,52794.0,-81.948203,28.032443,0
Florida Institute of Technology,Melbourne,Florida,Sunshine State Conference,D2,FL,146900.0,0.7085,1241.0,59433.0,-80.622893,28.065815,0
Fort Hays State University,Hays,Kansas,Great American Conference,D2,KS,191500.0,0.9135,,18111.0,-99.342503,38.872156,0
Fort Lewis College,Durango,Colorado,Rocky Mountain Athletic Conference,D2,CO,135300.0,0.9151,1037.0,23881.0,-107.867422,37.275939,0
Francis Marion University,Florence,South Carolina,Conference Carolinas,D2,SC,922600.0,0.7525,990.0,21888.0,-79.652854,34.189777,0
Franklin Pierce University,Rindge,New Hampshire,Northeast-10 Conference,D2,NH,257500.0,0.8468,,56500.0,-72.058011,42.78014,0
Fresno Pacific University,Fresno,California,Pacific West Conference,D2,CA,125300.0,0.6694,1019.0,43317.0,-119.735199,36.726831,0
Frostburg State University,Frostburg,Maryland,Mountain East Conference,D2,MD,207200.0,0.7361,1024.0,24650.0,-78.934293,39.650918,0
Gannon University,Erie,Pennsylvania,Pennsylvania State Athletic Conference,D2,PA,326600.0,0.7924,1113.0,46867.0,-80.087166,42.128403,0
Georgia Southwestern State University,Americus,Georgia,Peach Belt Conference,D2,GA,157300.0,0.734,1040.0,19125.0,-84.217738,32.054662,0
Georgian Court University,Lakewood,New Jersey,Central Atlantic Collegiate Conference,D2,NJ,260800.0,0.809,1039.0,45458.0,-74.228186,40.099617,0
Harding University,Searcy,Arkansas,Great American Conference,D2,AR,109700.0,0.5507,1207.0,31647.0,-91.726143,35.247386,0
Holy Family University,Philadelphia,Pennsylvania,Central Atlantic Collegiate Conference,D2,PA,327500.0,0.777,979.0,37020.0,-74.986451,40.060581,0
University of Illinois Springfield,Springfield,Illinois,Great Lakes Valley Conference,D2,IL,933300.0,0.7733,1107.0,24309.0,-89.616796,39.729524,3
University of Indianapolis,Indianapolis,Indiana,Great Lakes Valley Conference,D2,IN,180400.0,0.8448,1076.0,44681.0,-86.133969,39.709571,0
Kentucky Wesleyan College,Owensboro,Kentucky,Great Midwest Athletic Conference,D2,KY,196900.0,0.6019,1083.0,40177.0,-87.119658,37.744489,0
King University,Bristol,Tennessee,Conference Carolinas,D2,TN,349600.0,0.6018,1097.0,42662.0,-82.159421,36.585309,0
Lake Erie College,Painesville,Ohio,Great Midwest Athletic Conference,D2,OH,306600.0,0.6395,1058.0,45740.0,-81.251817,41.717841,0
Lander University,Greenwood,South Carolina,Peach Belt Conference,D2,SC,343500.0,0.5703,1015.0,24474.0,-82.164736,34.199892,0
Le Moyne College,Syracuse,New York,Northeast-10 Conference,D2,NY,274800.0,0.7474,1165.0,49194.0,-76.090435,43.049192,0
Lee University,Cleveland,Tennessee,Gulf South Conference,D2,TN,350000.0,0.8301,1163.0,31522.0,-84.871399,35.166019,0
Lees-McRae College,Banner Elk,North Carolina,Conference Carolinas,D2,NC,293900.0,0.7329,1068.0,43437.0,-81.873371,36.162477,1
Lenoir-Rhyne University,Hickory,North Carolina,South Atlantic Conference,D2,NC,294100.0,0.7662,,50232.0,-81.327598,35.739968,1
Lewis University,Romeoville,Illinois,Great Lakes Valley Conference,D2,IL,170700.0,0.6606,1139.0,43255.0,-88.079032,41.605432,0
Limestone University,Gaffney,South Carolina,Conference Carolinas,D2,SC,343600.0,0.6829,1089.0,42137.0,-81.649161,35.057076,0
Lincoln Memorial University,Harrogate,Tennessee,South Atlantic Conference,D2,TN,350200.0,0.6853,1118.0,36365.0,-83.660198,36.578508,0
Lubbock Christian University,Lubbock,Texas,Lone Star Conference,D2,TX,358600.0,0.9651,1097.0,37198.0,-101.934426,33.575973,0
Lynn University,Boca Raton,Florida,Sunshine State Conference,D2,FL,150500.0,0.7868,,55651.0,-80.122806,26.385985,0
Malone University,Canton,Ohio,Great Midwest Athletic Conference,D2,OH,307200.0,0.7427,1113.0,44743.0,-81.376863,40.825662,0
Mars Hill University,Mars Hill,North Carolina,South Atlantic Conference,D2,NC,294400.0,0.6729,,45406.0,-82.551827,35.82752,0
McKendree University,Lebanon,Illinois,Great Lakes Valley Conference,D2,IL,172200.0,0.7008,1107.0,44383.0,-89.816822,38.608154,0
Mercy College,Dobbs Ferry,New York,East Coast Conference,D2,NY,277200.0,0.8196,1025.0,29754.0,-73.874447,41.021626,0
Mercyhurst University,Erie,Pennsylvania,Pennsylvania State Athletic Conference,D2,PA,329700.0,0.8802,,56266.0,-80.053412,42.10578,0
Metropolitan State University of Denver,Denver,Colorado,Rocky Mountain Athletic Conference,D2,CO,136000.0,0.8333,973.0,19975.0,-105.00504,39.744202,0
Midwestern State University,Wichita Falls,Texas,Lone Star Conference,D2,TX,359200.0,0.7096,1009.0,19972.0,-98.519386,33.874809,0
Millersville University of Pennsylvania,Millersville,Pennsylvania,Pennsylvania State Athletic Conference,D2,PA,332500.0,0.8455,1095.0,27526.0,-76.357381,40.000337,0
Mississippi College,Clinton,Mississippi,Gulf South Conference,D2,MS,241500.0,0.2876,1218.0,34918.0,-90.329821,32.335515,0
Missouri University of Science and Technology,Rolla,Missouri,Great Lakes Valley Conference,D2,MO,251700.0,0.8146,1328.0,23123.0,-91.775583,37.953426,0
Montana State University Billings,Billings,Montana,Great Northwest Athletic Conference,D2,MT,253000.0,,,16755.0,-108.523009,45.796896,0
University of Montevallo,Montevallo,Alabama,Gulf South Conference,D2,AL,100400.0,0.6052,1131.0,26018.0,-86.865099,33.10625,0
University of Mount Olive,Mount Olive,North Carolina,Conference Carolinas,D2,NC,294900.0,0.6191,1011.0,32055.0,-78.069388,35.208166,0
University of New Haven,West Haven,Connecticut,Northeast-10 Conference,D2,CT,139700.0,0.911,1147.0,58438.0,-72.961472,41.291314,0
New York Institute of Technology,Old Westbury,New York,East Coast Conference,D2,NY,278200.0,0.7468,1190.0,49465.0,-73.6078,40.812447,0
Newberry College,Newberry,South Carolina,South Atlantic Conference,D2,SC,344000.0,0.5659,989.0,42320.0,-81.619777,34.285868,0
Newman University,Wichita,Kansas,Great American Conference,D2,KS,193900.0,0.8308,,41633.0,-97.37768,37.672643,0
University of North Georgia,Dahlonega,Georgia,Peach Belt Conference,D2,GA,158500.0,0.8145,1097.0,16816.0,-83.985694,34.530219,0
North Greenville University,Tigerville,South Carolina,Conference Carolinas,D2,SC,344100.0,0.6533,1082.0,37771.0,-82.37026,35.069758,0
Northeastern State University,Tahlequah,Oklahoma,Great American Conference,D2,OK,316100.0,0.9949,1069.0,17889.0,-94.967229,35.919939,0
Northern Michigan University,Marquette,Michigan,Great Lakes Intercollegiate Athletic Conference,D2,MI,230100.0,0.6689,,23578.0,-87.406568,46.559751,0
Northwest Nazarene University,Nampa,Idaho,Great Northwest Athletic Conference,D2,ID,162400.0,0.7683,1098.0,42068.0,-116.565783,43.562411,0
Northwood University,Midland,Michigan,Great Midwest Athletic Conference,D2,MI,407200.0,0.768,1093.0,41997.0,-84.27682,43.628717,0
Ohio Dominican University,Columbus,Ohio,Great Midwest Athletic Conference,D2,OH,303500.0,0.495,,42524.0,-82.940689,39.992764,0
Oklahoma Baptist University,Shawnee,Oklahoma,Great American Conference,D2,OK,316400.0,0.5821,1138.0,42983.0,-96.932459,35.360492,0
Ouachita Baptist University,Arkadelphia,Arkansas,Great American Conference,D2,AR,110200.0,0.6177,1203.0,40200.0,-93.052471,34.126093,0
Palm Beach Atlantic University,West Palm Beach,Florida,Sunshine State Conference,D2,FL,884900.0,0.9171,1127.0,49839.0,-80.05247,26.7044,0
Point Loma Nazarene University,San Diego,California,Pacific West Conference,D2,CA,126200.0,0.8355,1210.0,53045.0,-117.250265,32.718391,0
Post University,Waterbury,Connecticut,Central Atlantic Collegiate Conference,D2,CT,140100.0,,,30161.0,-73.081497,41.535549,0
Purdue University Northwest,Hammond,Indiana,Great Lakes Intercollegiate Athletic Conference,D2,IN,182700.0,0.3028,1071.0,17408.0,-87.474236,41.584324,0
Quincy University,Quincy,Illinois,Great Lakes Valley Conference,D2,IL,174500.0,0.6713,1106.0,41831.0,-91.385975,39.938898,0
Regis University,Denver,Colorado,Rocky Mountain Athletic Conference,D2,CO,136300.0,0.782,1143.0,51593.0,-105.030756,39.788175,0
Rockhurst University,Kansas City,Missouri,Great Lakes Valley Conference,D2,MO,249900.0,0.7289,1167.0,53221.0,-94.573003,39.032318,0
Rogers State University,Claremore,Oklahoma,Great American Conference,D2,OK,316800.0,,,20029.0,-95.635718,36.321437,0
Rollins College,Winter Park,Florida,Sunshine State Conference,D2,FL,151500.0,0.6081,,66805.0,-81.349239,28.592787,0
Saginaw Valley State University,University Center,Michigan,Great Lakes Intercollegiate Athletic Conference,D2,MI,231400.0,0.8946,1086.0,22353.0,-83.964273,43.51176,0
Saint Martin's University,Lacey,Washington,Great Northwest Athletic Conference,D2,WA,379400.0,0.9419,1043.0,52603.0,-122.816354,47.041068,0
St. Mary's University,San Antonio,Texas,Lone Star Conference,D2,TX,362300.0,0.8543,1127.0,42354.0,-98.562778,29.453244,0
Saint Michael's College,Colchester,Vermont,Northeast-10 Conference,D2,VT,369400.0,0.8781,,61892.0,-73.167069,44.494558,0
St. Thomas Aquinas College,Sparkill,New York,East Coast Conference,D2,NY,283200.0,0.8684,1036.0,47572.0,-73.936799,41.041576,0
Salem University,Salem,West Virginia,Independent,D2,WV,382000.0,,,27336.0,-80.571767,39.288632,0
San Francisco State University,San Francisco,California,California Collegiate Athletic Association,D2,CA,115400.0,0.8409,1030.0,24513.0,-122.476799,37.721224,0
Seattle Pacific University,Seattle,Washington,Great Northwest Athletic Conference,D2,WA,378800.0,0.9062,1109.0,60834.0,-122.361667,47.650214,0
Seton Hill University,Greensburg,Pennsylvania,Pennsylvania State Athletic Conference,D2,PA,336200.0,0.7867,,50395.0,-79.557433,40.309407,0
Shaw University,Raleigh,North Carolina,Independent,D2,NC,296200.0,0.7056,,29686.0,-78.637693,35.771181,0
Shepherd University,Shepherdstown,West Virginia,Pennsylvania State Athletic Conference,D2,WV,382200.0,0.977,,17759.0,-77.804101,39.433071,0
Shippensburg University of Pennsylvania,Shippensburg,Pennsylvania,Pennsylvania State Athletic Conference,D2,PA,332600.0,0.9392,1042.0,29182.0,-77.522335,40.057933,0
Shorter University,Rome,Georgia,Gulf South Conference,D2,GA,159100.0,0.7093,1071.0,34403.0,-85.196529,34.257543,0
Slippery Rock University of Pennsylvania,Slippery Rock,Pennsylvania,Pennsylvania State Athletic Conference,D2,PA,332700.0,0.7398,1075.0,24600.0,-80.045965,41.062719,0
Sonoma State University,Rohnert Park,California,California Collegiate Athletic Association,D2,CA,115600.0,0.8912,1050.0,26537.0,-122.677066,38.340274,0
University of South Carolina Aiken,Aiken,South Carolina,Peach Belt Conference,D2,SC,344900.0,0.5588,1062.0,20735.0,-81.767612,33.572704,0
South Dakota School of Mines and Technology,Rapid City,South Dakota,Rocky Mountain Athletic Conference,D2,SD,347000.0,0.8555,1266.0,25078.0,-103.205753,44.075439,0
Southern Connecticut State University,New Haven,Connecticut,Northeast-10 Conference,D2,CT,140600.0,0.7968,,25413.0,-72.947897,41.333225,0
Southern Nazarene University,Bethany,Oklahoma,Great American Conference,D2,OK,314900.0,,,38327.0,-97.629504,35.513295,0
Southern New Hampshire University,Manchester,New Hampshire,Northeast-10 Conference,D2,NH,258000.0,0.9354,,50505.0,-71.451842,43.038922,0
Southern Wesleyan University,Central,South Carolina,Conference Carolinas,D2,SC,342200.0,0.5575,1079.0,35949.0,-82.761586,34.728068,0
Southwest Baptist University,Bolivar,Missouri,Great Lakes Valley Conference,D2,MO,250200.0,0.7335,1110.0,35243.0,-93.407056,37.602425,0
Spring Hill College,Mobile,Alabama,Gulf South Conference,D2,AL,104100.0,0.5416,1125.0,55844.0,-88.138199,30.694751,0
Texas A & M International University,Laredo,Texas,Lone Star Conference,D2,TX,965100.0,0.5893,995.0,13408.0,-99.436043,27.571172,2
Thomas Jefferson University,Philadelphia,Pennsylvania,Central Atlantic Collegiate Conference,D2,PA,1239300.0,0.6984,1179.0,60290.0,-75.158266,39.948274,0
Thomas More University,Crestview Hills,Kentucky,Great Midwest Athletic Conference,D2,KY,200100.0,0.9191,,42003.0,-84.568923,39.022963,0
Tiffin University,Tiffin,Ohio,Great Midwest Athletic Conference,D2,OH,312100.0,0.6247,,41055.0,-83.184197,41.118316,0
Trevecca Nazarene University,Nashville,Tennessee,Great Midwest Athletic Conference,D2,TN,352600.0,0.6283,1138.0,34473.0,-86.754238,36.141324,0
Truman State University,Kirksville,Missouri,Great Lakes Valley Conference,D2,MO,249500.0,0.721,1278.0,21640.0,-92.581658,40.188267,0
Union University,Jackson,Tennessee,Gulf South Conference,D2,TN,352800.0,0.5753,1242.0,54324.0,-88.858524,35.676896,0
Upper Iowa University,Fayette,Iowa,Great Lakes Valley Conference,D2,IA,189300.0,0.653,1035.0,45237.0,-91.799543,42.838283,0
Walsh University,North Canton,Ohio,Great Midwest Athletic Conference,D2,OH,313500.0,0.7656,1126.0,42869.0,-81.369931,40.873908,0
University of West Alabama,Livingston,Alabama,Gulf South Conference,D2,AL,102400.0,0.9313,1035.0,22645.0,-88.186329,32.588132,0
West Liberty University,West Liberty,West Virginia,Mountain East Conference,D2,WV,382300.0,0.6844,1039.0,22361.0,-80.602256,40.164417,0
West Texas A & M University,Canyon,Texas,Lone Star Conference,D2,TX,366500.0,0.5825,1046.0,20456.0,-101.914736,34.982789,2
West Virginia Wesleyan College,Buckhannon,West Virginia,Mountain East Conference,D2,WV,383000.0,0.6572,1020.0,46187.0,-80.218969,38.990661,0
Western Washington University,Bellingham,Washington,Great Northwest Athletic Conference,D2,WA,380200.0,0.9351,1184.0,24465.0,-122.485734,48.737812,0
Westminster College,Salt Lake City,Utah,Rocky Mountain Athletic Conference,D2,UT,368100.0,0.8745,1205.0,49060.0,-111.855757,40.730779,0
Westmont College,Santa Barbara,California,Pacific West Conference,D2,CA,134100.0,0.7016,1259.0,64240.0,-119.662517,34.450151,0
Wheeling University,Wheeling,West Virginia,Mountain East Conference,D2,WV,383100.0,0.7682,1009.0,41651.0,-80.690804,40.070873,0
William Jewell College,Liberty,Missouri,Great Lakes Valley Conference,D2,MO,252400.0,0.364,1168.0,49150.0,-94.413126,39.247844,0
Wilmington University,New Castle,Delaware,Central Atlantic Collegiate Conference,D2,DE,794800.0,,,18524.0,-75.586998,39.682299,0
Wingate University,Wingate,North Carolina,South Atlantic Conference,D2,NC,298500.0,0.7327,,49769.0,-80.44305,34.986064,0
University of Wisconsin-Parkside,Kenosha,Wisconsin,Great Lakes Valley Conference,D2,WI,501500.0,0.6631,1050.0,16320.0,-87.855231,42.647718,1
Young Harris College,Young Harris,Georgia,Conference Carolinas,D2,GA,160400.0,0.6503,1065.0,44203.0,-83.84587,34.933523,0
Adrian College,Adrian,Michigan,Michigan Intercollegiate Athletic Association,D3,MI,223400.0,0.6121,1043.0,54621.0,-84.061481,41.898591,0
Agnes Scott College,Decatur,Georgia,Collegiate Conference of the South,D3,GA,154200.0,0.6752,,55403.0,-84.295459,33.769268,0
Albertus Magnus College,New Haven,Connecticut,Great Northeast Athletic Conference,D3,CT,137400.0,0.8126,,49375.0,-72.923848,41.332519,0
Albion College,Albion,Michigan,Michigan Intercollegiate Athletic Association,D3,MI,223500.0,0.7444,1062.0,62041.0,-84.745639,42.245049,0
Albright College,Reading,Pennsylvania,MAC Commonwealth,D3,PA,322900.0,0.821,,40300.0,-75.909742,40.361351,0
Alfred University,Alfred,New York,Empire 8,D3,NY,266800.0,0.6411,1102.0,50643.0,-77.788106,42.254476,0
Allegheny College,Meadville,Pennsylvania,Presidents' Athletic Conference,D3,PA,323000.0,0.7315,1260.0,64901.0,-80.147168,41.64869,0
Alma College,Alma,Michigan,Michigan Intercollegiate Athletic Association,D3,MI,223600.0,0.6673,,55662.0,-84.672053,43.38004,0
Alvernia University,Reading,Pennsylvania,MAC Commonwealth,D3,PA,323300.0,0.7002,,49990.0,-75.936754,40.310028,0
Alverno College,Milwaukee,Wisconsin,Northern Athletics Collegiate Conference,D3,WI,383200.0,0.7823,,40724.0,-87.965174,42.982842,0
Amherst College,Amherst,Massachusetts,New England Small College Athletic Conference,D3,MA,211500.0,0.1183,1497.0,76750.0,-72.518493,42.372459,0
Anderson University,Anderson,Indiana,Heartland Collegiate Athletic Conference,D3,IN,178500.0,0.665,1071.0,44342.0,-85.664315,40.112768,0
Anna Maria College,Paxton,Massachusetts,Great Northeast Athletic Conference,D3,MA,211700.0,0.8607,,52919.0,-71.91896,42.330542,0
Arcadia University,Glenside,Pennsylvania,MAC Freedom,D3,PA,323500.0,0.7363,1138.0,59684.0,-75.163876,40.092606,0
Asbury University,Wilmore,Kentucky,Independent,D3,KY,195200.0,0.7515,1203.0,42462.0,-84.662606,37.862029,0
Augsburg University,Minneapolis,Minnesota,Minnesota Intercollegiate Athletic Conference,D3,MN,233400.0,0.7312,1050.0,54069.0,-93.240436,44.966307,0
Augustana College,Rock Island,Illinois,College Conference of Illinois and Wisconsin,D3,IL,163300.0,0.5735,,55924.0,-90.55057,41.502365,0
Aurora University,Aurora,Illinois,Northern Athletics Collegiate Conference,D3,IL,163400.0,0.8395,1066.0,35658.0,-88.349023,41.753631,0
Austin College,Sherman,Texas,Southern Collegiate Athletic Conference,D3,TX,354300.0,0.4928,1220.0,56377.0,-96.596331,33.646345,0
Averett University,Danville,Virginia,Old Dominion Athletic Conference,D3,VA,370200.0,0.6768,984.0,47321.0,-79.413203,36.577287,0
Babson College,Wellesley,Massachusetts,New England Women's and Men's Athletic Conference,D3,MA,212100.0,0.2697,1361.0,72378.0,-71.264057,42.297017,0
Baldwin Wallace University,Berea,Ohio,Ohio Athletic Conference,D3,OH,301400.0,0.6982,1176.0,48655.0,-81.851145,41.373017,0
Bard College,Annandale-On-Hudson,New York,Liberty League,D3,NY,267100.0,0.5741,,74464.0,-73.909927,42.020386,0
Bates College,Lewiston,Maine,New England Small College Athletic Conference,D3,ME,203600.0,0.141,,73538.0,-70.203333,44.105299,0
Belhaven University,Jackson,Mississippi,Collegiate Conference of the South,D3,MS,239700.0,0.4954,1083.0,35975.0,-90.169228,32.318415,0
Beloit College,Beloit,Wisconsin,Midwest Conference,D3,WI,383500.0,0.5834,,63398.0,-89.029285,42.504022,0
Benedictine University,Lisle,Illinois,Northern Athletics Collegiate Conference,D3,IL,176700.0,0.6099,1097.0,46006.0,-88.097307,41.777569,0
Berea College,Berea,Kentucky,Collegiate Conference of the South,D3,KY,195500.0,0.3296,1189.0,54866.0,-84.292893,37.57202,0
Berry College,Mount Berry,Georgia,Southern Athletic Association,D3,GA,155400.0,0.7722,,52966.0,-85.189202,34.290414,0
Bethany College,Bethany,West Virginia,Presidents' Athletic Conference,D3,WV,380800.0,0.9184,989.0,45570.0,-80.560056,40.205819,0
Bethany Lutheran College,Mankato,Minnesota,Upper Midwest Athletic Conference,D3,MN,233700.0,0.6451,,38528.0,-93.990805,44.166649,0
Birmingham-Southern College,Birmingham,Alabama,Southern Athletic Association,D3,AL,101200.0,0.6045,1202.0,32514.0,-86.850552,33.513774,1
Blackburn College,Carlinville,Illinois,St. Louis Intercollegiate Athletic Conference,D3,IL,163900.0,0.5518,1006.0,32584.0,-89.870241,39.287896,0
Bluffton University,Bluffton,Ohio,Heartland Collegiate Athletic Conference,D3,OH,301600.0,0.6051,,48205.0,-83.899439,40.895606,0
Bob Jones University,Greenville,South Carolina,Independent,D3,SC,342100.0,,,28498.0,-82.365838,34.874016,0
Bowdoin College,Brunswick,Maine,New England Small College Athletic Conference,D3,ME,203800.0,0.0916,,73800.0,-69.963942,43.907134,0
Brandeis University,Waltham,Massachusetts,University Athletic Association,D3,MA,213300.0,0.334,1424.0,76044.0,-71.260155,42.365727,0
Brevard College,Brevard,North Carolina,USA South Athletic Conference,D3,NC,291200.0,0.4524,,43036.0,-82.729494,35.236763,0
Bridgewater College,Bridgewater,Virginia,Old Dominion Athletic Conference,D3,VA,370400.0,0.7614,1082.0,51725.0,-78.969007,38.378484,0
Bridgewater State University,Bridgewater,Massachusetts,Massachusetts State Collegiate Athletic Conference,D3,MA,218300.0,0.8231,1049.0,23845.0,-70.974553,41.98749,0
Bryn Mawr College,Bryn Mawr,Pennsylvania,Centennial Conference,D3,PA,323700.0,0.3836,,73540.0,-75.313223,40.02736,0
Buena Vista University,Storm Lake,Iowa,American Rivers Conference,D3,IA,184700.0,0.5568,,48297.0,-95.208529,42.642255,0
Cabrini University,Radnor,Pennsylvania,Atlantic East Conference,D3,PA,324100.0,0.6167,1036.0,46293.0,-75.375263,40.056355,0
California Institute of Technology,Pasadena,California,Southern California Intercollegiate Athletic Conference,D3,CA,113100.0,0.0669,1566.0,74763.0,-118.125878,34.137349,0
California Lutheran University,Thousand Oaks,California,Southern California Intercollegiate Athletic Conference,D3,CA,113300.0,0.7439,1159.0,60668.0,-118.878924,34.224566,0
University of California-Santa Cruz,Santa Cruz,California,Coast to Coast Athletic Conference,D3,CA,132100.0,0.6473,1284.0,35925.0,-122.058801,36.995584,2
Calvin University,Grand Rapids,Michigan,Michigan Intercollegiate Athletic Association,D3,MI,224100.0,0.7321,1229.0,50191.0,-85.587548,42.929916,0
Carleton College,Northfield,Minnesota,Minnesota Intercollegiate Athletic Conference,D3,MN,234000.0,0.2118,1438.0,74275.0,-93.154666,44.462318,0
Carnegie Mellon University,Pittsburgh,Pennsylvania,University Athletic Association,D3,PA,324200.0,0.1727,1513.0,74489.0,-79.941993,40.44357,0
Carroll University,Waukesha,Wisconsin,College Conference of Illinois and Wisconsin,D3,WI,383800.0,0.7177,1165.0,45227.0,-88.228114,43.004527,0
Carthage College,Kenosha,Wisconsin,College Conference of Illinois and Wisconsin,D3,WI,383900.0,0.7663,1148.0,59175.0,-87.820924,42.622969,0
Case Western Reserve University,Cleveland,Ohio,University Athletic Association,D3,OH,302400.0,0.3027,1445.0,69526.0,-81.609596,41.507419,0
Castleton University,Castleton,Vermont,Little East Conference,D3,VT,368300.0,0.8831,1036.0,24841.0,-73.180842,43.608397,0
Cazenovia College,Cazenovia,New York,North Atlantic Conference,D3,NY,268500.0,0.7218,1003.0,51761.0,-75.854882,42.932489,0
Cedar Crest College,Allentown,Pennsylvania,Colonial States Athletic Conference,D3,PA,324300.0,0.5246,1072.0,52279.0,-75.519221,40.586318,0
Centenary College of Louisiana,Shreveport,Louisiana,Southern Collegiate Athletic Conference,D3,LA,200300.0,0.6369,1191.0,55300.0,-93.730834,32.483335,0
Centenary University,Hackettstown,New Jersey,Colonial States Athletic Conference,D3,NJ,259900.0,0.93,997.0,44856.0,-74.833644,40.84764,0
Central College,Pella,Iowa,American Rivers Conference,D3,IA,185000.0,0.6368,1116.0,53402.0,-92.922199,41.401539,0
Centre College,Danville,Kentucky,Southern Athletic Association,D3,KY,196100.0,0.7208,1325.0,56645.0,-84.779392,37.645709,0
Chapman University,Orange,California,Southern California Intercollegiate Athletic Conference,D3,CA,116400.0,0.5826,1275.0,74336.0,-117.852518,33.79302,0
Chatham University,Pittsburgh,Pennsylvania,Presidents' Athletic Conference,D3,PA,324400.0,0.6619,,52968.0,-79.926083,40.448432,0
University of Chicago,Chicago,Illinois,University Athletic Association,D3,IL,177400.0,0.0731,1537.0,81531.0,-87.599539,41.787994,0
Christopher Newport University,Newport News,Virginia,Coast to Coast Athletic Conference,D3,VA,370600.0,0.7642,,31733.0,-76.494364,37.062495,0
Clark University,Worcester,Massachusetts,New England Women's and Men's Athletic Conference,D3,MA,213900.0,0.4713,1271.0,58153.0,-71.823356,42.249987,0
Clarks Summit University,Clarks Summit,Pennsylvania,Colonial States Athletic Conference,D3,PA,267000.0,0.6189,,33826.0,-75.685472,41.495062,0
Clarkson University,Potsdam,New York,Liberty League,D3,NY,269900.0,0.7799,1259.0,69456.0,-74.999359,44.662716,0
Coe College,Cedar Rapids,Iowa,American Rivers Conference,D3,IA,185400.0,0.7986,,58857.0,-91.658192,41.988263,0
Colby College,Waterville,Maine,New England Small College Athletic Conference,D3,ME,203900.0,0.1027,1456.0,73600.0,-69.66337,44.564211,0
Colby-Sawyer College,New London,New Hampshire,Great Northeast Athletic Conference,D3,NH,257200.0,0.91,,61418.0,-71.975805,43.411663,1
Colorado College,Colorado Springs,Colorado,Southern Collegiate Athletic Conference,D3,CO,134700.0,0.136,,74760.0,-104.822697,38.84886,0
Concordia University-Chicago,River Forest,Illinois,Northern Athletics Collegiate Conference,D3,IL,166600.0,0.7854,1099.0,42750.0,-87.809482,41.898696,1
Concordia University Texas,Austin,Texas,American Southwest Conference,D3,TX,355700.0,0.9295,1086.0,47251.0,-97.835703,30.420232,0
Concordia University-Wisconsin,Mequon,Wisconsin,Northern Athletics Collegiate Conference,D3,WI,384200.0,0.6727,1138.0,45936.0,-87.91552,43.253387,1
Connecticut College,New London,Connecticut,New England Small College Athletic Conference,D3,CT,137900.0,0.3772,1400.0,74590.0,-72.107321,41.379833,0
Cornell College,Mount Vernon,Iowa,Midwest Conference,D3,IA,185600.0,0.8241,1224.0,58201.0,-91.423741,41.924554,0
Covenant College,Lookout Mountain,Georgia,Collegiate Conference of the South,D3,GA,348400.0,0.9755,1209.0,49420.0,-85.375066,34.965161,0
Curry College,Milton,Massachusetts,Commonwealth Coast Conference,D3,MA,214300.0,0.9271,1055.0,57260.0,-71.116539,42.238061,0
University of Dallas,Irving,Texas,Southern Collegiate Athletic Conference,D3,TX,365100.0,0.5378,1251.0,58050.0,-96.919512,32.846221,0
Dean College,Franklin,Massachusetts,Great Northeast Athletic Conference,D3,MA,214400.0,0.7052,,59018.0,-71.397813,42.085634,0
Defiance College,Defiance,Ohio,Heartland Collegiate Athletic Conference,D3,OH,304100.0,0.5492,1005.0,46420.0,-84.357075,41.296842,0
Delaware Valley University,Doylestown,Pennsylvania,MAC Freedom,D3,PA,325200.0,0.9158,1052.0,56828.0,-75.158452,40.298659,0
Denison University,Granville,Ohio,North Coast Athletic Conference,D3,OH,304200.0,0.2817,1350.0,69128.0,-82.523272,40.071505,0
DePauw University,Greencastle,Indiana,North Coast Athletic Conference,D3,IN,179200.0,0.6849,1235.0,66946.0,-86.860363,39.640904,0
DeSales University,Center Valley,Pennsylvania,MAC Freedom,D3,PA,398600.0,0.8177,1139.0,54300.0,-75.375608,40.539091,0
Dickinson College,Carlisle,Pennsylvania,Centennial Conference,D3,PA,325300.0,0.5165,,73650.0,-77.197854,40.202796,0
Dominican University,River Forest,Illinois,Northern Athletics Collegiate Conference,D3,IL,175000.0,0.7646,1072.0,43228.0,-87.823003,41.902678,0
Drew University,Madison,New Jersey,Landmark Conference,D3,NJ,260300.0,0.7315,,58116.0,-74.424584,40.761829,0
University of Dubuque,Dubuque,Iowa,American Rivers Conference,D3,IA,189100.0,0.7863,1010.0,47188.0,-90.693428,42.49726,0
Earlham College,Richmond,Indiana,Heartland Collegiate Athletic Conference,D3,IN,179300.0,0.591,1236.0,61156.0,-84.915037,39.823431,0
East Texas Baptist University,Marshall,Texas,American Southwest Conference,D3,TX,356400.0,0.9207,,38749.0,-94.374488,32.557847,0
Eastern Connecticut State University,Willimantic,Connecticut,Little East Conference,D3,CT,142500.0,0.697,,27425.0,-72.218753,41.721673,0
Eastern Mennonite University,Harrisonburg,Virginia,Old Dominion Athletic Conference,D3,VA,370800.0,0.7182,1129.0,51275.0,-78.880326,38.471134,0
Eastern Nazarene College,Quincy,Massachusetts,New England Collegiate Conference(North Atlantic Conference in 2023),D3,MA,214500.0,0.6438,1030.0,41194.0,-71.011079,42.271228,0
Edgewood College,Madison,Wisconsin,Northern Athletics Collegiate Conference,D3,WI,384800.0,0.912,,44826.0,-89.422884,43.057059,0
Elizabethtown College,Elizabethtown,Pennsylvania,Landmark Conference,D3,PA,326200.0,0.8573,1176.0,44978.0,-76.593224,40.149236,0
Elmhurst University,Elmhurst,Illinois,College Conference of Illinois and Wisconsin,D3,IL,167600.0,0.6553,1096.0,48429.0,-87.945369,41.897164,0
Elmira College,Elmira,New York,Empire 8,D3,NY,271800.0,0.8313,1103.0,48133.0,-76.813459,42.0961,0
Emerson College,Boston,Massachusetts,New England Women's and Men's Athletic Conference,D3,MA,214600.0,0.4105,1302.0,72119.0,-71.065384,42.352202,0
Emmanuel College,Boston,Massachusetts,Great Northeast Athletic Conference,D3,MA,214700.0,0.7552,1202.0,58787.0,-71.103634,42.340602,0
Emory University,Atlanta,Georgia,University Athletic Association,D3,GA,156400.0,0.2103,1454.0,72604.0,-84.325512,33.790183,0
Endicott College,Beverly,Massachusetts,Commonwealth Coast Conference,D3,MA,214800.0,0.704,,52642.0,-70.840847,42.553296,0
Eureka College,Eureka,Illinois,St. Louis Intercollegiate Athletic Conference,D3,IL,167800.0,0.6136,1026.0,37986.0,-89.269624,40.71482,0
Farmingdale State College,Farmingdale,New York,Skyline Conference,D3,NY,285800.0,0.6016,1075.0,16856.0,-73.42832,40.754224,0
Ferrum College,Ferrum,Virginia,Old Dominion Athletic Conference,D3,VA,371100.0,0.7583,979.0,50084.0,-80.021639,36.926912,0
Finlandia University,Hancock,Michigan,Coast to Coast Athletic Conference,D3,MI,232200.0,0.83,,34832.0,-88.588756,47.127868,0
Fitchburg State University,Fitchburg,Massachusetts,Massachusetts State Collegiate Athletic Conference,D3,MA,218400.0,0.8799,,22881.0,-71.789666,42.588298,0
Framingham State University,Framingham,Massachusetts,Massachusetts State Collegiate Athletic Conference,D3,MA,218500.0,0.7853,1044.0,25810.0,-71.437565,42.297116,0
Franciscan University of Steubenville,Steubenville,Ohio,Presidents' Athletic Conference,D3,OH,303600.0,0.73,1204.0,39788.0,-80.620524,40.376919,0
Franklin College,Franklin,Indiana,Heartland Collegiate Athletic Conference,D3,IN,179800.0,0.7607,1076.0,46533.0,-86.047182,39.478298,0
Gallaudet University,Washington,District of Columbia,United East Conference,D3,DC,144300.0,0.6262,904.0,38892.0,-76.993675,38.907371,0
Geneva College,Beaver Falls,Pennsylvania,Presidents' Athletic Conference,D3,PA,326700.0,0.7314,,38941.0,-80.321826,40.772518,0
George Fox University,Newberg,Oregon,Northwest Conference,D3,OR,319400.0,0.9091,1138.0,51439.0,-122.967494,45.303629,0
Gettysburg College,Gettysburg,Pennsylvania,Centennial Conference,D3,PA,326800.0,0.4824,,71850.0,-77.236792,39.836597,0
Gordon College,Wenham,Massachusetts,Commonwealth Coast Conference,D3,MA,215300.0,0.6827,1159.0,51869.0,-70.82151,42.590567,0
Greensboro College,Greensboro,North Carolina,USA South Athletic Conference,D3,NC,293000.0,0.7761,1008.0,30302.0,-79.800232,36.071082,0
Greenville University,Greenville,Illinois,St. Louis Intercollegiate Athletic Conference,D3,IL,168400.0,0.5921,1014.0,40959.0,-89.40824,38.894162,0
Grinnell College,Grinnell,Iowa,Midwest Conference,D3,IA,186800.0,0.1925,1448.0,70346.0,-92.722094,41.747952,0
Grove City College,Grove City,Pennsylvania,Presidents' Athletic Conference,D3,PA,326900.0,0.7759,1250.0,,-80.081481,41.1558,0
Guilford College,Greensboro,North Carolina,Old Dominion Athletic Conference,D3,NC,293100.0,0.7801,1059.0,53479.0,-79.887737,36.094233,0
Hamilton College,Clinton,New York,New England Small College Athletic Conference,D3,NY,272800.0,0.1841,1462.0,72190.0,-75.408195,43.050245,0
Hanover College,Hanover,Indiana,Heartland Collegiate Athletic Conference,D3,IN,180100.0,0.6932,1195.0,52998.0,-85.460051,38.715642,0
Hardin-Simmons University,Abilene,Texas,American Southwest Conference,D3,TX,357100.0,0.9051,1069.0,42530.0,-99.73564,32.476434,1
Hartwick College,Oneonta,New York,Empire 8,D3,NY,272900.0,0.931,1107.0,60479.0,-75.071994,42.457599,0
Haverford College,Haverford,Pennsylvania,Centennial Conference,D3,PA,327400.0,0.1823,1459.0,76384.0,-75.305207,40.007452,0
Heidelberg University,Tiffin,Ohio,Ohio Athletic Conference,D3,OH,304800.0,0.8106,1098.0,44381.0,-83.168387,41.114833,0
Hendrix College,Conway,Arkansas,Southern Athletic Association,D3,AR,109900.0,0.7054,,64046.0,-92.443256,35.101565,0
Hilbert College,Hamburg,New York,Allegheny Mountain Collegiate Conference,D3,NY,273500.0,0.9171,,31358.0,-78.820257,42.75464,0
Hiram College,Hiram,Ohio,North Coast Athletic Conference,D3,OH,304900.0,0.9277,1037.0,50555.0,-81.143981,41.3107,0
Hollins University,Roanoke,Virginia,Old Dominion Athletic Conference,D3,VA,371500.0,0.8079,1175.0,55893.0,-79.943277,37.354201,0
Hood College,Frederick,Maryland,MAC Commonwealth,D3,MD,207600.0,0.7133,,56168.0,-77.419049,39.420631,0
Hope College,Holland,Michigan,Michigan Intercollegiate Athletic Association,D3,MI,227300.0,0.7783,1219.0,48607.0,-86.102089,42.787298,0
Houghton College,Houghton,New York,Empire 8,D3,NY,273400.0,0.7998,,44952.0,-78.155426,42.426137,0
Howard Payne University,Brownwood,Texas,American Southwest Conference,D3,TX,357500.0,0.4853,,41336.0,-98.985204,31.716467,0
Huntingdon College,Montgomery,Alabama,Collegiate Conference of the South,D3,AL,101900.0,0.5439,1101.0,37483.0,-86.284366,32.351034,0
Husson University,Bangor,Maine,North Atlantic Conference,D3,ME,204300.0,0.8466,1054.0,31303.0,-68.791476,44.829002,0
Illinois College,Jacksonville,Illinois,Midwest Conference,D3,IL,168800.0,0.7524,,44465.0,-90.246171,39.7313,0
Illinois Institute of Technology,Chicago,Illinois,Northern Athletics Collegiate Conference,D3,IL,169100.0,0.6066,1311.0,64710.0,-87.627321,41.8313,0
Illinois Wesleyan University,Bloomington,Illinois,College Conference of Illinois and Wisconsin,D3,IL,169600.0,0.5693,1233.0,63174.0,-88.992014,40.489901,0
Immaculata University,Immaculata,Pennsylvania,Atlantic East Conference,D3,PA,327600.0,0.8243,1076.0,44036.0,-75.570711,40.027981,0
Ithaca College,Ithaca,New York,Liberty League,D3,NY,273900.0,0.7568,,64006.0,-76.494136,42.422154,0
John Carroll University,University Heights,Ohio,Ohio Athletic Conference,D3,OH,305000.0,0.8784,1198.0,57651.0,-81.531338,41.491321,0
Johns Hopkins University,Baltimore,Maryland,Centennial Conference,D3,MD,207700.0,0.1106,1532.0,74001.0,-76.621595,39.328977,0
Juniata College,Huntingdon,Pennsylvania,Landmark Conference,D3,PA,327900.0,0.6746,,61807.0,-78.017292,40.500523,0
Kalamazoo College,Kalamazoo,Michigan,Michigan Intercollegiate Athletic Association,D3,MI,227500.0,0.7433,,63808.0,-85.601857,42.290789,0
Keene State College,Keene,New Hampshire,Little East Conference,D3,NH,259000.0,0.9066,,28880.0,-72.279276,42.926452,0
Kenyon College,Gambier,Ohio,North Coast Athletic Conference,D3,OH,306500.0,0.3689,1399.0,74550.0,-82.397977,40.374408,0
Keuka College,Keuka Park,New York,Empire 8,D3,NY,274400.0,0.9091,,50240.0,-77.090562,42.615253,0
King's College,Wilkes-Barre,Pennsylvania,MAC Freedom,D3,PA,328200.0,0.8661,,52647.0,-75.879822,41.250097,0
Knox College,Galesburg,Illinois,Midwest Conference,D3,IL,170400.0,0.7084,1229.0,60393.0,-90.373165,40.943064,0
La Roche University,Pittsburgh,Pennsylvania,Allegheny Mountain Collegiate Conference,D3,PA,398700.0,0.6891,1006.0,43073.0,-80.014851,40.568615,0
University of La Verne,La Verne,California,Southern California Intercollegiate Athletic Conference,D3,CA,121600.0,0.7625,1054.0,60759.0,-117.773262,34.100855,0
LaGrange College,Lagrange,Georgia,Collegiate Conference of the South,D3,GA,157800.0,0.5967,1077.0,46034.0,-85.043113,33.038564,0
Lake Forest College,Lake Forest,Illinois,Midwest Conference,D3,IL,170600.0,0.5761,,62405.0,-87.827454,42.249574,0
Lancaster Bible College,Lancaster,Pennsylvania,United East Conference,D3,PA,328500.0,0.9668,1087.0,36544.0,-76.287761,40.075347,0
Lawrence University,Appleton,Wisconsin,Midwest Conference,D3,WI,385600.0,0.6892,1323.0,62166.0,-88.397822,44.261323,0
Lebanon Valley College,Annville,Pennsylvania,MAC Commonwealth(MAC Freedom in 2023),D3,PA,328800.0,0.778,1166.0,59255.0,-76.514431,40.330604,0
LeTourneau University,Longview,Texas,American Southwest Conference,D3,TX,358400.0,0.5611,1227.0,44629.0,-94.726394,32.46632,0
Lewis & Clark College,Portland,Oregon,Northwest Conference,D3,OR,319700.0,0.7982,1313.0,68735.0,-122.669137,45.450882,0
Loras College,Dubuque,Iowa,American Rivers Conference,D3,IA,187300.0,0.5838,,46290.0,-90.679023,42.503908,0
Luther College,Decorah,Iowa,American Rivers Conference,D3,IA,187400.0,0.6429,1229.0,57885.0,-91.802809,43.312304,0
Lycoming College,Williamsport,Pennsylvania,MAC Freedom(Landmark Conference in 2023),D3,PA,329300.0,0.6548,1117.0,57132.0,-77.0,41.24666,0
Lyon College,Batesville,Arkansas,Independent (St. Louis Intercollegiate Athletic Conference in 2023),D3,AR,108800.0,0.5015,1198.0,41396.0,-91.625354,35.777619,0
University of Maine at Farmington,Farmington,Maine,North Atlantic Conference,D3,ME,204000.0,0.9461,,22802.0,-70.147121,44.666911,0
Maine Maritime Academy,Castine,Maine,North Atlantic Conference,D3,ME,204400.0,0.5214,1085.0,28208.0,-68.804347,44.389654,0
University of Maine at Presque Isle,Presque Isle,Maine,North Atlantic Conference,D3,ME,203300.0,0.99,,17586.0,-68.016343,46.672285,0
Manchester University,North Manchester,Indiana,Heartland Collegiate Athletic Conference,D3,IN,182000.0,0.7038,,45489.0,-85.762643,41.010549,0
Manhattanville College,Purchase,New York,Skyline Conference,D3,NY,276000.0,0.8981,,51214.0,-73.715645,41.032187,0
Maranatha Baptist University,Watertown,Wisconsin,Independent,D3,WI,2317200.0,0.805,1192.0,27793.0,-88.737016,43.195013,0
Marian University,Fond Du Lac,Wisconsin,Northern Athletics Collegiate Conference,D3,WI,386100.0,0.6767,1028.0,38372.0,-88.420638,43.777411,0
Marietta College,Marietta,Ohio,Ohio Athletic Conference,D3,OH,307300.0,0.7391,1120.0,49601.0,-81.450045,39.41668,0
Martin Luther College,New Ulm,Minnesota,Upper Midwest Athletic Conference,D3,MN,236100.0,0.8731,1185.0,27230.0,-94.472326,44.30526,0
Mary Baldwin University,Staunton,Virginia,USA South Athletic Conference,D3,VA,372300.0,0.871,1042.0,43427.0,-79.069273,38.153884,0
University of Mary Hardin-Baylor,Belton,Texas,American Southwest Conference,D3,TX,358800.0,0.903,1105.0,42812.0,-97.463471,31.066793,1
University of Mary Washington,Fredericksburg,Virginia,Coast to Coast Athletic Conference,D3,VA,374600.0,0.7549,1195.0,28327.0,-77.476055,38.302492,0
Marymount University,Arlington,Virginia,Atlantic East Conference,D3,VA,372400.0,0.8526,1089.0,47495.0,-77.128785,38.905562,0
Maryville College,Maryville,Tennessee,Collegiate Conference of the South,D3,TN,350500.0,0.6211,1159.0,49603.0,-83.964223,35.751505,0
Marywood University,Scranton,Pennsylvania,Atlantic East Conference,D3,PA,329600.0,0.8203,1102.0,49609.0,-75.634142,41.434587,0
University of Massachusetts-Boston,Boston,Massachusetts,Little East Conference,D3,MA,222200.0,0.7968,,28910.0,-71.036865,42.312881,1
Massachusetts College of Liberal Arts,North Adams,Massachusetts,Massachusetts State Collegiate Athletic Conference,D3,MA,218700.0,0.8768,1066.0,24458.0,-73.102817,42.691361,0
Massachusetts Institute of Technology,Cambridge,Massachusetts,New England Women's and Men's Athletic Conference,D3,MA,217800.0,0.0726,1550.0,73160.0,-71.093226,42.359243,0
Massachusetts Maritime Academy,Buzzards Bay,Massachusetts,Massachusetts State Collegiate Athletic Conference,D3,MA,218100.0,0.9248,1117.0,28602.0,-70.624084,41.739072,0
McDaniel College,Westminster,Maryland,Centennial Conference,D3,MD,210900.0,0.8113,,58638.0,-77.001992,39.584231,0
McMurry University,Abilene,Texas,American Southwest Conference(Southern Collegiate Athletic Conference in 2024),D3,TX,359100.0,0.4739,1041.0,41764.0,-99.748682,32.429776,0
Medaille College,Buffalo,New York,Empire 8,D3,NY,277700.0,0.718,,36840.0,-78.855941,42.92856,0
Meredith College,Raleigh,North Carolina,USA South Athletic Conference,D3,NC,294500.0,0.7162,1111.0,50390.0,-78.689995,35.799351,0
Methodist University,Fayetteville,North Carolina,USA South Athletic Conference,D3,NC,294600.0,0.7588,1050.0,55751.0,-78.874426,35.135058,0
Middlebury College,Middlebury,Vermont,New England Small College Athletic Conference,D3,VT,369100.0,0.2204,1444.0,74248.0,-73.176068,44.009117,0
Millikin University,Decatur,Illinois,College Conference of Illinois and Wisconsin,D3,IL,172400.0,0.7115,1097.0,49304.0,-88.976298,39.842612,0
Millsaps College,Jackson,Mississippi,Southern Athletic Association,D3,MS,241400.0,0.6981,1184.0,57996.0,-90.179957,32.322746,0
Milwaukee School of Engineering,Milwaukee,Wisconsin,Northern Athletics Collegiate Conference,D3,WI,386800.0,0.6009,1294.0,53885.0,-87.907691,43.045364,0
University of Minnesota-Morris,Morris,Minnesota,Upper Midwest Athletic Conference,D3,MN,238900.0,0.6465,1199.0,24636.0,-95.899729,45.589775,1
Misericordia University,Dallas,Pennsylvania,MAC Freedom,D3,PA,324700.0,0.8329,,48844.0,-75.971541,41.345277,0
Mississippi University for Women,Columbus,Mississippi,St. Louis Intercollegiate Athletic Conference,D3,MS,242200.0,0.9903,1106.0,20684.0,-88.418601,33.493305,0
Mitchell College,New London,Connecticut,New England Collegiate Conference(Great Northeast Athletic Conference in 2023),D3,CT,139300.0,0.7422,,48699.0,-72.09523,41.328013,0
Monmouth College,Monmouth,Illinois,Midwest Conference,D3,IL,172500.0,0.6943,1163.0,51176.0,-90.63731,40.914824,0
Montclair State University,Montclair,New Jersey,New Jersey Athletic Conference,D3,NJ,261700.0,0.8266,,26067.0,-74.198141,40.860414,0
Mount Aloysius College,Cresson,Pennsylvania,Allegheny Mountain Collegiate Conference,D3,PA,330200.0,0.9524,,36886.0,-78.600898,40.459679,0
Mount Holyoke College,South Hadley,Massachusetts,New England Women's and Men's Athletic Conference,D3,MA,219200.0,0.5247,1367.0,69578.0,-72.575511,42.256838,0
Mount Mary University,Milwaukee,Wisconsin,Coast to Coast Athletic Conference,D3,WI,386900.0,0.5301,984.0,44284.0,-88.030732,43.072507,0
Mount Saint Mary College,Newburgh,New York,Skyline Conference,D3,NY,277800.0,0.9017,1080.0,47103.0,-74.012655,41.513872,0
University of Mount Union,Alliance,Ohio,Ohio Athletic Conference,D3,OH,308300.0,0.7741,1107.0,44497.0,-81.111029,40.905256,0
Muhlenberg College,Allentown,Pennsylvania,Centennial Conference,D3,PA,330400.0,0.6218,1280.0,69413.0,-75.508502,40.596416,0
Muskingum University,New Concord,Ohio,Ohio Athletic Conference,D3,OH,308400.0,0.7966,,41716.0,-81.737127,39.996585,0
Nebraska Wesleyan University,Lincoln,Nebraska,American Rivers Conference,D3,NE,255500.0,0.6953,1222.0,48718.0,-96.64831,40.839098,0
Neumann University,Aston,Pennsylvania,Atlantic East Conference,D3,PA,398800.0,0.8034,991.0,50640.0,-75.440022,39.874876,0
New England College,Henniker,New Hampshire,New England Collegiate Conference(Great Northeast Athletic Conference in 2023),D3,NH,257900.0,0.9625,,57285.0,-71.822282,43.176403,0
University of New England,Biddeford,Maine,Commonwealth Coast Conference,D3,ME,205000.0,0.8726,,56844.0,-70.38535,43.458591,0
The College of New Jersey,Ewing,New Jersey,New Jersey Athletic Conference,D3,NJ,264200.0,0.5125,1240.0,35502.0,-74.778791,40.268651,0
New Jersey City University,Jersey City,New Jersey,New Jersey Athletic Conference,D3,NJ,261300.0,0.9633,,25328.0,-74.08727,40.709937,0
State University of New York at New Paltz,New Paltz,New York,State University of New York Athletic Conference,D3,NY,284600.0,0.6202,1187.0,25615.0,-74.082188,41.740936,0
New York University,New York,New York,University Athletic Association,D3,NY,278500.0,0.2109,1458.0,73759.0,-73.997264,40.729452,0
Nichols College,Dudley,Massachusetts,Commonwealth Coast Conference,D3,MA,219700.0,0.8037,,52520.0,-71.930283,42.044033,0
North Carolina Wesleyan College,Rocky Mount,North Carolina,USA South Athletic Conference,D3,NC,295100.0,0.4759,938.0,44530.0,-77.773982,36.019665,0
North Central College,Naperville,Illinois,College Conference of Illinois and Wisconsin,D3,IL,173400.0,0.5329,1164.0,52405.0,-88.14279,41.77576,0
North Central University,Minneapolis,Minnesota,Upper Midwest Athletic Conference,D3,MN,236900.0,0.9299,1077.0,37644.0,-93.261511,44.968625,0
North Park University,Chicago,Illinois,College Conference of Illinois and Wisconsin,D3,IL,173500.0,0.4396,1055.0,39373.0,-87.709948,41.975268,0
Northland College,Ashland,Wisconsin,Upper Midwest Athletic Conference,D3,WI,387500.0,0.643,1138.0,50029.0,-90.87476,46.579087,0
Norwich University,Northfield,Vermont,Great Northeast Athletic Conference,D3,VT,369200.0,0.7417,,59627.0,-72.659783,44.140237,0
Notre Dame of Maryland University,Baltimore,Maryland,Colonial States Athletic Conference,D3,MD,206500.0,0.6229,,52667.0,-76.619739,39.350612,0
Oberlin College,Oberlin,Ohio,North Coast Athletic Conference,D3,OH,308600.0,0.3536,1348.0,77124.0,-82.216795,41.291992,0
Occidental College,Los Angeles,California,Southern California Intercollegiate Athletic Conference,D3,CA,124900.0,0.409,1378.0,76600.0,-118.210908,34.127124,0
Oglethorpe University,Atlanta,Georgia,Southern Athletic Association,D3,GA,158600.0,0.6693,1203.0,55451.0,-84.333687,33.875441,0
Ohio Northern University,Ada,Ohio,Ohio Athletic Conference,D3,OH,308900.0,0.652,1218.0,49392.0,-83.827441,40.7662,0
Ohio Wesleyan University,Delaware,Ohio,North Coast Athletic Conference,D3,OH,310900.0,0.684,,62161.0,-83.069757,40.295963,0
Olivet College,Olivet,Michigan,Michigan Intercollegiate Athletic Association,D3,MI,230800.0,0.6031,,42758.0,-84.923891,42.442891,0
Otterbein University,Westerville,Ohio,Ohio Athletic Conference,D3,OH,311000.0,0.7606,1158.0,45773.0,-82.936444,40.125327,0
University of the Ozarks,Clarksville,Arkansas,American Southwest Conference,D3,AR,109400.0,0.559,1070.0,34832.0,-93.467221,35.476278,0
Pacific Lutheran University,Tacoma,Washington,Northwest Conference,D3,WA,378500.0,0.863,,56830.0,-122.440421,47.14516,0
Pacific University,Forest Grove,Oregon,Northwest Conference,D3,OR,321200.0,0.893,1166.0,62157.0,-123.108777,45.521394,0
Pennsylvania College of Technology,Williamsport,Pennsylvania,United East Conference,D3,PA,339500.0,,,30759.0,-77.023665,41.234145,0
Pfeiffer University,Misenheimer,North Carolina,USA South Athletic Conference,D3,NC,295500.0,0.7584,1008.0,44387.0,-80.283168,35.484696,0
Piedmont University,Demorest,Georgia,Collegiate Conference of the South,D3,GA,158800.0,0.7008,1085.0,40949.0,-83.542126,34.566042,0
Plymouth State University,Plymouth,New Hampshire,Little East Conference,D3,NH,259100.0,0.8937,,28222.0,-71.690164,43.759573,0
Principia College,Elsah,Illinois,St. Louis Intercollegiate Athletic Conference,D3,IL,174400.0,0.9324,1143.0,,-90.350285,38.948835,0
University of Puget Sound,Tacoma,Washington,Northwest Conference,D3,WA,379700.0,0.8685,,68072.0,-122.478982,47.26308,0
Randolph College,Lynchburg,Virginia,Old Dominion Athletic Conference,D3,VA,373400.0,0.8966,1060.0,58880.0,-79.171887,37.437315,0
Randolph-Macon College,Ashland,Virginia,Old Dominion Athletic Conference,D3,VA,373300.0,0.7131,1141.0,56509.0,-77.478416,37.76043,1
University of Redlands,Redlands,California,Southern California Intercollegiate Athletic Conference,D3,CA,132200.0,0.6865,1135.0,68156.0,-117.163218,34.064218,0
Regis College,Weston,Massachusetts,Great Northeast Athletic Conference,D3,MA,220600.0,0.8408,,61605.0,-71.310561,42.351291,0
Rensselaer Polytechnic Institute,Troy,New York,Liberty League,D3,NY,280300.0,0.5726,1410.0,73816.0,-73.676646,42.729978,0
Rhode Island College,Providence,Rhode Island,Little East Conference,D3,RI,340700.0,0.8127,988.0,17761.0,-71.46556,41.842415,0
Rhodes College,Memphis,Tennessee,Southern Athletic Association,D3,TN,351900.0,0.5136,1345.0,64249.0,-89.990803,35.154405,0
Ripon College,Ripon,Wisconsin,Midwest Conference,D3,WI,388400.0,0.7406,1095.0,56059.0,-88.842333,43.844135,0
Rivier University,Nashua,New Hampshire,Great Northeast Athletic Conference,D3,NH,258600.0,0.7571,,46498.0,-71.45626,42.738676,0
Roanoke College,Salem,Virginia,Old Dominion Athletic Conference,D3,VA,373600.0,0.7813,1155.0,61545.0,-80.055467,37.294861,0
University of Rochester,Rochester,New York,University Athletic Association,D3,NY,289400.0,0.3543,1429.0,75190.0,-77.631202,43.126397,0
Rochester Institute of Technology,Rochester,New York,Liberty League,D3,NY,280600.0,0.7386,1341.0,61063.0,-77.67386,43.084188,0
Rockford University,Rockford,Illinois,Northern Athletics Collegiate Conference,D3,IL,174800.0,0.5082,1009.0,43866.0,-89.019536,42.270639,0
Roger Williams University,Bristol,Rhode Island,Commonwealth Coast Conference,D3,RI,341000.0,0.8601,,54865.0,-71.260374,41.650214,0
Rose-Hulman Institute of Technology,Terre Haute,Indiana,Heartland Collegiate Athletic Conference,D3,IN,183000.0,0.7662,1371.0,70401.0,-87.326749,39.483602,0
Rowan University,Glassboro,New Jersey,New Jersey Athletic Conference,D3,NJ,260900.0,0.7801,1150.0,34987.0,-75.119119,39.709108,0
Rutgers University-Camden,Camden,New Jersey,New Jersey Athletic Conference,D3,NJ,262901.0,0.6986,1253.0,29130.0,-75.12224,39.948064,1
Rutgers University-Newark,Newark,New Jersey,New Jersey Athletic Conference,D3,NJ,262902.0,0.6986,1253.0,27960.0,-74.175809,40.739122,1
Saint Johns University,Collegeville,Minnesota,Minnesota Intercollegiate Athletic Conference,D3,MN,237900.0,0.8138,1193.0,59972.0,-94.393621,45.580075,1
University of Saint Joseph,West Hartford,Connecticut,Great Northeast Athletic Conference,D3,CT,140900.0,0.7802,1073.0,50959.0,-72.72965,41.781041,0
Saint Joseph's College of Maine,Standish,Maine,Great Northeast Athletic Conference,D3,ME,205100.0,0.8673,1081.0,52614.0,-70.483373,43.826314,0
St Lawrence University,Canton,New York,Liberty League,D3,NY,282900.0,0.4726,1301.0,73045.0,-75.161343,44.589879,1
Saint Mary's College,Notre Dame,Indiana,Michigan Intercollegiate Athletic Association,D3,IN,183600.0,0.8151,1189.0,58956.0,-86.256947,41.707274,0
St. Mary's College of Maryland,St. Mary's City,Maryland,United East Conference,D3,MD,209500.0,0.7903,1190.0,30610.0,-76.429097,38.190904,0
Saint Mary's University of Minnesota,Winona,Minnesota,Minnesota Intercollegiate Athletic Conference,D3,MN,238000.0,0.841,,49200.0,-91.695449,44.044736,0
St Olaf College,Northfield,Minnesota,Minnesota Intercollegiate Athletic Conference,D3,MN,238200.0,0.5081,1309.0,62880.0,-93.182039,44.461529,1
University of St Thomas,Houston,Texas,Southern Collegiate Athletic Conference,D3,TX,365400.0,0.9609,,42652.0,-95.393102,29.736438,1
Saint Vincent College,Latrobe,Pennsylvania,Presidents' Athletic Conference,D3,PA,336800.0,0.7212,1090.0,50140.0,-79.403762,40.29265,0
Salem College,Winston-Salem,North Carolina,USA South Athletic Conference,D3,NC,296000.0,0.8463,1061.0,44461.0,-80.241297,36.086271,0
Salem State University,Salem,Massachusetts,Massachusetts State Collegiate Athletic Conference,D3,MA,218800.0,0.8675,,26423.0,-70.890234,42.503575,0
Salisbury University,Salisbury,Maryland,Coast to Coast Athletic Conference,D3,MD,209100.0,0.7762,,25057.0,-75.604815,38.34648,0
Salve Regina University,Newport,Rhode Island,Commonwealth Coast Conference(New England Women's and Men's Athletic Conference in 2023),D3,RI,341100.0,0.7462,,61072.0,-71.30124,41.471545,0
Schreiner University,Kerrville,Texas,Southern Collegiate Athletic Conference,D3,TX,361000.0,0.9615,1043.0,41896.0,-99.130586,30.031458,0
University of Scranton,Scranton,Pennsylvania,Landmark Conference,D3,PA,338400.0,0.7873,1200.0,62380.0,-75.656915,41.406556,0
Shenandoah University,Winchester,Virginia,Old Dominion Athletic Conference,D3,VA,373700.0,0.7438,1123.0,47850.0,-78.157433,39.167355,0
Simmons University,Boston,Massachusetts,Great Northeast Athletic Conference,D3,MA,220800.0,0.8255,1168.0,60221.0,-71.099967,42.3393,0
Simpson College,Indianola,Iowa,American Rivers Conference,D3,IA,188700.0,0.8662,1149.0,53845.0,-93.563471,41.365503,0
Skidmore College,Saratoga Springs,New York,Liberty League,D3,NY,281400.0,0.3217,1324.0,74140.0,-73.785335,43.097035,0
Smith College,Northampton,Massachusetts,New England Women's and Men's Athletic Conference,D3,MA,220900.0,0.3652,,75169.0,-72.638097,42.318111,0
University of Southern Maine,Portland,Maine,Little East Conference,D3,ME,205400.0,0.8793,1062.0,19582.0,-70.274247,43.662863,0
Southern Virginia University,Buena Vista,Virginia,USA South Athletic Conference,D3,VA,373800.0,0.9903,1205.0,29875.0,-79.35037,37.740368,0
Southwestern University,Georgetown,Texas,Southern Collegiate Athletic Conference,D3,TX,362000.0,0.4937,1223.0,57825.0,-97.665738,30.634341,0
Spalding University,Louisville,Kentucky,St. Louis Intercollegiate Athletic Conference,D3,KY,196000.0,0.9343,1026.0,38163.0,-85.757725,38.242407,0
Springfield College,Springfield,Massachusetts,New England Women's and Men's Athletic Conference,D3,MA,221100.0,0.6341,1239.0,55078.0,-72.556751,42.101576,0
Stevens Institute of Technology,Hoboken,New Jersey,MAC Freedom,D3,NJ,263900.0,0.5306,1415.0,70591.0,-74.025334,40.744776,0
Stevenson University,Stevenson,Maryland,MAC Commonwealth,D3,MD,210700.0,0.8918,,53066.0,-76.702092,39.421988,0
Suffolk University,Boston,Massachusetts,Commonwealth Coast Conference,D3,MA,221800.0,0.859,1113.0,57850.0,-71.060917,42.357945,0
Sul Ross State University,Alpine,Texas,American Southwest Conference,D3,TX,362500.0,0.8083,960.0,20332.0,-103.651469,30.363139,0
Susquehanna University,Selinsgrove,Pennsylvania,Landmark Conference,D3,PA,336900.0,0.7304,,64760.0,-76.875329,40.797502,0
Swarthmore College,Swarthmore,Pennsylvania,Centennial Conference,D3,PA,337000.0,0.0906,1467.0,73932.0,-75.354278,39.905159,0
Sweet Briar College,Sweet Briar,Virginia,Old Dominion Athletic Conference,D3,VA,374200.0,0.7595,1100.0,38835.0,-79.081014,37.556725,0
Texas Lutheran University,Seguin,Texas,Southern Collegiate Athletic Conference,D3,TX,364100.0,0.593,1098.0,42208.0,-97.982669,29.573261,0
Thiel College,Greenville,Pennsylvania,Presidents' Athletic Conference,D3,PA,337600.0,0.8351,1031.0,48566.0,-80.384383,41.41354,0
Thomas College,Waterville,Maine,North Atlantic Conference,D3,ME,205200.0,,,40911.0,-69.664734,44.524909,0
Transylvania University,Lexington,Kentucky,Heartland Collegiate Athletic Conference,D3,KY,198700.0,0.9212,1267.0,53097.0,-84.493202,38.052983,0
Trine University,Angola,Indiana,Michigan Intercollegiate Athletic Association,D3,IN,183900.0,0.7875,1130.0,47142.0,-85.008009,41.632502,0
Trinity College,Hartford,Connecticut,New England Small College Athletic Conference,D3,CT,141400.0,0.3604,,76850.0,-72.690882,41.747451,0
Trinity University,San Antonio,Texas,Southern Collegiate Athletic Conference,D3,TX,364700.0,0.3362,1355.0,60664.0,-98.48186,29.462682,0
Trinity Washington University,Washington,District of Columbia,Independent,D3,DC,146000.0,0.9579,,32710.0,-77.004261,38.927398,0
Tufts University,Medford,Massachusetts,New England Small College Athletic Conference,D3,MA,221900.0,0.163,1474.0,76151.0,-71.118293,42.40855,0
Union College,Schenectady,New York,Liberty League,D3,NY,288900.0,0.4126,1339.0,69879.0,-73.928788,42.818097,0
United States Coast Guard Academy,New London,Connecticut,New England Women's and Men's Athletic Conference,D3,CT,141500.0,0.2009,1332.0,,-72.101583,41.375823,0
United States Merchant Marine Academy,Kings Point,New York,Skyline Conference,D3,NY,289200.0,0.2411,1288.0,9565.0,-73.763004,40.81357,0
Ursinus College,Collegeville,Pennsylvania,Centennial Conference,D3,PA,338500.0,0.8044,1253.0,69604.0,-75.456505,40.193023,0
Utica University,Utica,New York,Empire 8,D3,NY,288300.0,0.8641,,34427.0,-75.272916,43.096213,0
University of Valley Forge,Phoenixville,Pennsylvania,Colonial States Athletic Conference,D3,PA,330600.0,0.6303,,36036.0,-75.5469,40.117835,0
Vassar College,Poughkeepsie,New York,Liberty League,D3,NY,289500.0,0.2454,1456.0,75203.0,-73.895088,41.686895,0
Virginia Wesleyan University,Virginia Beach,Virginia,Old Dominion Athletic Conference,D3,VA,376700.0,0.7399,1095.0,50408.0,-76.18606,36.868417,0
Wabash College,Crawfordsville,Indiana,North Coast Athletic Conference,D3,IN,184400.0,0.6321,1226.0,58770.0,-86.906,40.037588,0
Warren Wilson College,Swannanoa,North Carolina,Coast to Coast Athletic Conference,D3,NC,297900.0,0.8484,1220.0,52526.0,-82.442619,35.610328,0
Wartburg College,Waverly,Iowa,American Rivers Conference,D3,IA,189600.0,0.7172,1114.0,55508.0,-92.483387,42.7277,0
Washington & Jefferson College,Washington,Pennsylvania,Presidents' Athletic Conference,D3,PA,338900.0,0.9018,,62814.0,-80.24049,40.170622,0
Washington and Lee University,Lexington,Virginia,Old Dominion Athletic Conference,D3,VA,376800.0,0.2451,1451.0,73900.0,-79.443018,37.788939,0
Washington College,Chestertown,Maryland,Centennial Conference,D3,MD,210800.0,0.8028,,65405.0,-76.06878,39.217329,0
Waynesburg University,Waynesburg,Pennsylvania,Presidents' Athletic Conference,D3,PA,339100.0,0.8996,1082.0,37431.0,-80.186205,39.899871,0
Wellesley College,Wellesley,Massachusetts,New England Women's and Men's Athletic Conference,D3,MA,222400.0,0.2041,1446.0,75198.0,-71.306605,42.291554,0
Wells College,Aurora,New York,United East Conference(Allegheny Mountain Collegiate Conference in 2023),D3,NY,290100.0,0.6436,,46640.0,-76.696028,42.742943,0
Wentworth Institute of Technology,Boston,Massachusetts,Commonwealth Coast Conference,D3,MA,222500.0,0.9354,1192.0,52232.0,-71.094983,42.336632,0
Wesleyan College,Macon,Georgia,Collegiate Conference of the South,D3,GA,160000.0,0.5981,1052.0,34952.0,-83.715417,32.876037,0
Wesleyan University,Middletown,Connecticut,New England Small College Athletic Conference,D3,CT,142400.0,0.209,,75693.0,-72.657146,41.554665,0
Western Connecticut State University,Danbury,Connecticut,Little East Conference,D3,CT,138000.0,0.8072,,23110.0,-73.444264,41.400365,0
Western New England University,Springfield,Massachusetts,Commonwealth Coast Conference,D3,MA,222600.0,0.8943,,52924.0,-72.520466,42.115017,0
Westfield State University,Westfield,Massachusetts,Massachusetts State Collegiate Athletic Conference,D3,MA,218900.0,0.9244,1054.0,24844.0,-72.796503,42.132698,0
Westminster College,Fulton,Missouri,St. Louis Intercollegiate Athletic Conference,D3,MO,252300.0,0.9743,1136.0,44500.0,-91.955273,38.849354,0
Westminster College,New Wilmington,Pennsylvania,Presidents' Athletic Conference,D3,PA,339200.0,0.7651,,49932.0,-80.331017,41.119272,0
Wheaton College,Wheaton,Illinois,College Conference of Illinois and Wisconsin,D3,IL,178100.0,0.8695,1336.0,50923.0,-88.099643,41.870176,0
Whitman College,Walla Walla,Washington,Northwest Conference,D3,WA,380300.0,0.5413,1360.0,69532.0,-118.331546,46.069815,0
Whittier College,Whittier,California,Southern California Intercollegiate Athletic Conference,D3,CA,134200.0,0.7233,,61052.0,-118.032299,33.978773,0
Whitworth University,Spokane,Washington,Northwest Conference,D3,WA,380400.0,0.9101,1171.0,60359.0,-117.416714,47.753358,0
Widener University,Chester,Pennsylvania,MAC Commonwealth,D3,PA,331300.0,0.7458,1126.0,62831.0,-75.355363,39.861689,0
Wilkes University,Wilkes-Barre,Pennsylvania,MAC Freedom(Landmark Conference in 2023),D3,PA,339400.0,0.9177,1137.0,54085.0,-75.890262,41.244199,0
Willamette University,Salem,Oregon,Northwest Conference,D3,OR,322700.0,0.8017,,66416.0,-123.030537,44.935457,0
William Peace University,Raleigh,North Carolina,USA South Athletic Conference,D3,NC,295300.0,0.6139,1053.0,47624.0,-78.637697,35.789139,0
Williams College,Williamstown,Massachusetts,New England Small College Athletic Conference,D3,MA,222900.0,0.1512,,75520.0,-73.203132,42.712725,0
Wilmington College,Wilmington,Ohio,Ohio Athletic Conference,D3,OH,314200.0,0.7272,1083.0,38642.0,-83.818342,39.444744,0
Wilson College,Chambersburg,Pennsylvania,Colonial States Athletic Conference,D3,PA,339600.0,0.922,1030.0,37019.0,-77.650712,39.949659,0
University of Wisconsin-Eau Claire,Eau Claire,Wisconsin,Wisconsin Intercollegiate Athletic Conference,D3,WI,391700.0,0.8436,1170.0,20174.0,-91.501906,44.798284,1
University of Wisconsin-La Crosse,La Crosse,Wisconsin,Wisconsin Intercollegiate Athletic Conference,D3,WI,391900.0,0.7515,1185.0,17514.0,-91.23186,43.81568,1
Wisconsin Lutheran College,Milwaukee,Wisconsin,Northern Athletics Collegiate Conference,D3,WI,2136600.0,0.9562,1172.0,43118.0,-88.022718,43.036943,0
University of Wisconsin-Oshkosh,Oshkosh,Wisconsin,Wisconsin Intercollegiate Athletic Conference,D3,WI,392000.0,0.7858,1105.0,18125.0,-88.549369,44.026206,1
University of Wisconsin-Platteville,Platteville,Wisconsin,Wisconsin Intercollegiate Athletic Conference,D3,WI,392100.0,0.8148,1150.0,18670.0,-90.48622,42.733451,1
University of Wisconsin-River Falls,River Falls,Wisconsin,Wisconsin Intercollegiate Athletic Conference,D3,WI,392300.0,0.7685,1120.0,17971.0,-92.622641,44.8534,1
University of Wisconsin-Stevens Point,Stevens Point,Wisconsin,Wisconsin Intercollegiate Athletic Conference,D3,WI,392400.0,0.8654,1105.0,18217.0,-89.570934,44.529582,1
University of Wisconsin-Stout,Menomonie,Wisconsin,Wisconsin Intercollegiate Athletic Conference,D3,WI,391500.0,0.901,1135.0,19704.0,-91.926653,44.873187,1
University of Wisconsin-Superior,Superior,Wisconsin,Upper Midwest Athletic Conference,D3,WI,392500.0,0.8613,1085.0,18731.0,-92.091007,46.717629,1
University of Wisconsin-Whitewater,Whitewater,Wisconsin,Wisconsin Intercollegiate Athletic Conference,D3,WI,392600.0,0.7992,1105.0,18252.0,-88.742368,42.835563,1
Wittenberg University,Springfield,Ohio,North Coast Athletic Conference,D3,OH,314300.0,0.9743,,53219.0,-83.815445,39.934029,0
Worcester Polytechnic Institute,Worcester,Massachusetts,New England Women's and Men's Athletic Conference,D3,MA,223300.0,0.5905,,69233.0,-71.808339,42.274853,0
Worcester State University,Worcester,Massachusetts,Massachusetts State Collegiate Athletic Conference,D3,MA,219000.0,0.8103,1097.0,21870.0,-71.844018,42.267526,0
Yeshiva University,New York,New York,Skyline Conference,D3,NY,290300.0,0.6741,1288.0,64050.0,-73.929873,40.850605,0
York College of Pennsylvania,York,Pennsylvania,MAC Commonwealth,D3,PA,339900.0,0.7077,1096.0,32801.0,-76.727984,39.94614,0
