School,City,State,Conference,Division,StateCode
"University at Albany, SUNY",Albany,New York,America East Conference,D1,NY
Binghamton University,Binghamton,New York,America East Conference,D1,NY
Bryant University,Smithfield,Rhode Island,America East Conference,D1,RI
University of New Hampshire,Durham,New Hampshire,America East Conference,D1,NH
New Jersey Institute of Technology,Newark,New Jersey,America East Conference,D1,NJ
University of Massachusetts Lowell,Lowell,Massachusetts,America East Conference,D1,MA
"University of Maryland, Baltimore County",Catonsville,Maryland,America East Conference,D1,MD
University of Vermont,Burlington,Vermont,America East Conference,D1,VT
University of North Carolina at Charlotte,Charlotte,North Carolina,American Athletic Conference,D1,NC
Florida Atlantic University,Boca Raton,Florida,American Athletic Conference,D1,FL
Florida International University,University Park,Florida,American Athletic Conference,D1,FL
University of Memphis,Memphis,Tennessee,American Athletic Conference,D1,TN
Southern Methodist University,Dallas,Texas,American Athletic Conference,D1,TX
University of South Florida,Tampa,Florida,American Athletic Conference,D1,FL
Temple University,Philadelphia,Pennsylvania,American Athletic Conference,D1,PA
University of Tulsa,Tulsa,Oklahoma,American Athletic Conference,D1,OK
University of Alabama at Birmingham,Birmingham,Alabama,American Athletic Conference,D1,AL
University of Central Florida,Orlando,Florida,Sun Belt Conference,D1,FL
Bellarmine University,Louisville,Kentucky,ASUN Conference,D1,KY
University of Central Arkansas,Conway,Arkansas,ASUN Conference,D1,AR
Florida Gulf Coast University,Fort Myers,Florida,ASUN Conference,D1,FL
Jacksonville University,Jacksonville,Florida,ASUN Conference,D1,FL
Liberty University,Lynchburg,Virginia,Possibly ASUN Conference,D1,VA
Lipscomb University,Nashville,Tennessee,ASUN Conference,D1,TN
University of North Florida,Jacksonville,Florida,ASUN Conference,D1,FL
Queens University of Charlotte [Queens],Charlotte,North Carolina,ASUN Conference,D1,NC
Stetson University,DeLand,Florida,ASUN Conference,D1,FL
Davidson College,Davidson,North Carolina,Atlantic 10 Conference,D1,NC
University of Dayton,Dayton,Ohio,Atlantic 10 Conference,D1,OH
Duquesne University,Pittsburgh,Pennsylvania,Atlantic 10 Conference,D1,PA
Fordham University,"The Bronx, New York City",New York,Atlantic 10 Conference,D1,NY
George Mason University,Fairfax,Virginia,Atlantic 10 Conference,D1,VA
George Washington University,Washington,District of Columbia,Atlantic 10 Conference,D1,DC
La Salle University,Philadelphia,Pennsylvania,Atlantic 10 Conference,D1,PA
Loyola University Chicago,Chicago,Illinois,Atlantic 10 Conference,D1,IL
University of Massachusetts Amherst,Amherst,Massachusetts,Atlantic 10 Conference,D1,MA
University of Rhode Island,Kingston,Rhode Island,Atlantic 10 Conference,D1,RI
St. Bonaventure University,Allegany,New York,Atlantic 10 Conference,D1,NY
Saint Joseph's University,Philadelphia,Pennsylvania,Atlantic 10 Conference,D1,PA
Saint Louis University,St. Louis,Missouri,Atlantic 10 Conference,D1,MO
Virginia Commonwealth University,Richmond,Virginia,Atlantic 10 Conference,D1,VA
Boston College,Chestnut Hill,Massachusetts,Atlantic Coast Conference,D1,MA
Clemson University,Clemson,South Carolina,Atlantic Coast Conference,D1,SC
Duke University,Durham,North Carolina,Atlantic Coast Conference,D1,NC
University of Louisville,Louisville,Kentucky,Atlantic Coast Conference,D1,KY
University of North Carolina at Chapel Hill,Chapel Hill,North Carolina,Atlantic Coast Conference,D1,NC
North Carolina State University,Raleigh,North Carolina,Atlantic Coast Conference,D1,NC
University of Notre Dame,South Bend,Indiana,Atlantic Coast Conference,D1,IN
University of Pittsburgh,Pittsburgh,Pennsylvania,Atlantic Coast Conference,D1,PA
Syracuse University,Syracuse,New York,Atlantic Coast Conference,D1,NY
University of Virginia,Charlottesville,Virginia,Atlantic Coast Conference,D1,VA
Virginia Polytechnic Institute and State University,Blacksburg,Virginia,Atlantic Coast Conference,D1,VA
Wake Forest University,Winston-Salem,North Carolina,Atlantic Coast Conference,D1,NC
University of Akron,Akron,Ohio,Big East Conference,D1,OH
Butler University,Indianapolis,Indiana,Big East Conference,D1,IN
Creighton University,Omaha,Nebraska,Big East Conference,D1,NE
DePaul University,Chicago,Illinois,Big East Conference,D1,IL
Georgetown University,Washington,District of Columbia,Big East Conference,D1,DC
Marquette University,Milwaukee,Wisconsin,Big East Conference,D1,WI
Providence College,Providence,Rhode Island,Big East Conference,D1,RI
St. John's University,"Queens, New York City",New York,Big East Conference,D1,NY
Seton Hall University,South Orange,New Jersey,Big East Conference,D1,NJ
University of Connecticut,Storrs,Connecticut,Big East Conference,D1,CT
Villanova University,Radnor Township,Pennsylvania,Big East Conference,D1,PA
Xavier University,Cincinnati,Ohio,Big East Conference,D1,OH
Campbell University,Buies Creek,North Carolina,Colonial Athletic Association,D1,NC
Gardner–Webb University,Boiling Springs,North Carolina,Big South Conference,D1,NC
High Point University,High Point,North Carolina,Big South Conference,D1,NC
Longwood University,Farmville,Virginia,Big South Conference,D1,VA
Presbyterian College,Clinton,South Carolina,Big South Conference,D1,SC
Radford University,Radford,Virginia,Big South Conference,D1,VA
University of North Carolina at Asheville,Asheville,North Carolina,Big South Conference,D1,NC
University of South Carolina Upstate,Spartanburg,South Carolina,Big South Conference,D1,SC
Winthrop University,Rock Hill,South Carolina,Big South Conference,D1,SC
Indiana University Bloomington,Bloomington,Indiana,Big Ten Conference,D1,IN
"University of Maryland, College Park",College Park,Maryland,Big Ten Conference,D1,MD
University of Michigan,Ann Arbor,Michigan,Big Ten Conference,D1,MI
Michigan State University,East Lansing,Michigan,Big Ten Conference,D1,MI
Northwestern University,Evanston,Illinois,Big Ten Conference,D1,IL
Ohio State University,Columbus,Ohio,Big Ten Conference,D1,OH
Pennsylvania State University,State College,Pennsylvania,Big Ten Conference,D1,PA
Rutgers University–New Brunswick,New Brunswick,New Jersey,Big Ten Conference,D1,NJ
University of Wisconsin–Madison,Madison,Wisconsin,Big Ten Conference,D1,WI
California Polytechnic State University,San Luis Obispo,California,Big West Conference,D1,CA
"California State University, Bakersfield",Bakersfield,California,Big West Conference,D1,CA
"California State University, Fullerton",Fullerton,California,Big West Conference,D1,CA
"California State University, Northridge","Northridge, Los Angeles",California,Big West Conference,D1,CA
"California State University, Sacramento",Sacramento,California,Big West Conference,D1,CA
"University of California, Davis",Davis,California,Big West Conference,D1,CA
"University of California, Irvine",Irvine,California,Big West Conference,D1,CA
"University of California, Riverside",Riverside,California,Big West Conference,D1,CA
"University of California, San Diego","La Jolla, San Diego",California,Big West Conference,D1,CA
"University of California, Santa Barbara",Santa Barbara,California,Big West Conference,D1,CA
College of Charleston,Charleston,South Carolina,Colonial Athletic Association,D1,SC
University of Delaware,Newark,Delaware,Colonial Athletic Association,D1,DE
Drexel University,Philadelphia,Pennsylvania,Colonial Athletic Association,D1,PA
Elon University,Elon,North Carolina,Colonial Athletic Association,D1,NC
Hofstra University,Hempstead,New York,Colonial Athletic Association,D1,NY
Monmouth University,West Long Branch,New Jersey,Colonial Athletic Association,D1,NJ
Northeastern University,Boston,Massachusetts,Colonial Athletic Association,D1,MA
Stony Brook University,Stony Brook,New York,Colonial Athletic Association,D1,NY
University of North Carolina Wilmington,Wilmington,North Carolina,Colonial Athletic Association,D1,NC
College of William & Mary,Williamsburg,Virginia,Colonial Athletic Association,D1,VA
Cleveland State University,Cleveland,Ohio,Horizon League,D1,OH
University of Detroit Mercy,Detroit,Michigan,Horizon League,D1,MI
University of Wisconsin–Green Bay,Green Bay,Wisconsin,Horizon League,D1,WI
Indiana University – Purdue University Indianapolis,Indianapolis,Indiana,Horizon League,D1,IN
University of Wisconsin–Milwaukee,Milwaukee,Wisconsin,Horizon League,D1,WI
Northern Kentucky University,Highland Heights,Kentucky,Horizon League,D1,KY
Oakland University,Auburn Hills & Rochester Hills,Michigan,Horizon League,D1,MI
Purdue University Fort Wayne,Fort Wayne,Indiana,Horizon League,D1,IN
Robert Morris University,Moon Township,Pennsylvania,Horizon League,D1,PA
Wright State University,Fairborn,Ohio,Horizon League,D1,OH
Chicago State University,Chicago,Illinois,Independent,D1,IL
University of the Incarnate Word,San Antonio & Alamo Heights,Texas,Independent,D1,TX
Brown University,Providence,Rhode Island,Ivy League,D1,RI
Columbia University,New York City,New York,Ivy League,D1,NY
Cornell University,Ithaca,New York,Ivy League,D1,NY
Dartmouth College,Hanover,New Hampshire,Ivy League,D1,NH
Harvard University,Boston,Massachusetts,Ivy League,D1,MA
Princeton University,Princeton,New Jersey,Ivy League,D1,NJ
University of Pennsylvania,Philadelphia,Pennsylvania,Ivy League,D1,PA
Yale University,New Haven,Connecticut,Ivy League,D1,CT
Canisius College,Buffalo,New York,Metro Atlantic Athletic Conference,D1,NY
Fairfield University,Fairfield,Connecticut,Metro Atlantic Athletic Conference,D1,CT
Iona University,New Rochelle,New York,Metro Atlantic Athletic Conference,D1,NY
Manhattan College,"The Bronx, New York City",New York,Metro Atlantic Athletic Conference,D1,NY
Marist College,Poughkeepsie,New York,Metro Atlantic Athletic Conference,D1,NY
Mount St. Mary's University,Emmitsburg,Maryland,Metro Atlantic Athletic Conference,D1,MD
Niagara University,Lewiston,New York,Metro Atlantic Athletic Conference,D1,NY
Quinnipiac University,Hamden,Connecticut,Metro Atlantic Athletic Conference,D1,CT
Rider University,Lawrenceville,New Jersey,Metro Atlantic Athletic Conference,D1,NJ
Saint Peter's University,Jersey City,New Jersey,Metro Atlantic Athletic Conference,D1,NJ
Siena College,Loudonville,New York,Metro Atlantic Athletic Conference,D1,NY
Belmont University,Nashville,Tennessee,Missouri Valley Conference,D1,TN
Bowling Green State University,Bowling Green,Ohio,Missouri Valley Conference,D1,OH
Bradley University,Peoria,Illinois,Missouri Valley Conference,D1,IL
Drake University,Des Moines,Iowa,Missouri Valley Conference,D1,IA
University of Evansville,Evansville,Indiana,Missouri Valley Conference,D1,IN
Missouri State University,Springfield,Missouri,Missouri Valley Conference,D1,MO
Northern Illinois University,DeKalb,Illinois,Missouri Valley Conference,D1,IL
Southern Illinois University Edwardsville,Edwardsville,Illinois,Missouri Valley Conference,D1,IL
University of Illinois Chicago,Chicago,Illinois,Missouri Valley Conference,D1,IL
Western Michigan University,Kalamazoo,Michigan,Missouri Valley Conference,D1,MI
Central Connecticut State University,New Britain,Connecticut,Northeast Conference,D1,CT
Fairleigh Dickinson University,Madison & Florham Park,New Jersey,Northeast Conference,D1,NJ
Howard University,Washington,District of Columbia,Northeast Conference,D1,DC
Long Island University,Brookville,New York,Northeast Conference,D1,NY
Merrimack College,North Andover,Massachusetts,Northeast Conference,D1,MA
Sacred Heart University,Fairfield,Connecticut,Northeast Conference,D1,CT
St. Francis College,"Brooklyn, New York City",New York,Northeast Conference,D1,NY
Saint Francis University,Loretto,Pennsylvania,Northeast Conference,D1,PA
Stonehill College,Easton,Massachusetts,Northeast Conference,D1,MA
"University of California, Berkeley",Berkeley,California,Pac-12 Conference,D1,CA
Oregon State University,Corvallis,Oregon,Pac-12 Conference,D1,OR
San Diego State University,San Diego,California,Pac-12 Conference,D1,CA
Stanford University,Stanford,California,Pac-12 Conference,D1,CA
"University of California, Los Angeles",Los Angeles,California,Pac-12 Conference,D1,CA
University of Washington,Seattle,Washington,Pac-12 Conference,D1,WA
American University,Washington,District of Columbia,Patriot League,D1,DC
United States Military Academy,West Point,New York,Patriot League,D1,NY
Boston University,Boston,Massachusetts,Patriot League,D1,MA
Bucknell University,Lewisburg,Pennsylvania,Patriot League,D1,PA
Colgate University,Hamilton,New York,Patriot League,D1,NY
College of the Holy Cross,Worcester,Massachusetts,Patriot League,D1,MA
Lafayette College,Easton,Pennsylvania,Patriot League,D1,PA
Lehigh University,Bethlehem,Pennsylvania,Patriot League,D1,PA
Loyola University Maryland,Baltimore,Maryland,Patriot League,D1,MD
United States Naval Academy,Annapolis,Maryland,Patriot League,D1,MD
East Tennessee State University,Johnson City,Tennessee,Southern Conference,D1,TN
Furman University,Greenville,South Carolina,Southern Conference,D1,SC
Mercer University,Macon,Georgia,Southern Conference,D1,GA
University of North Carolina at Greensboro,Greensboro,North Carolina,Southern Conference,D1,NC
Virginia Military Institute,Lexington,Virginia,Southern Conference,D1,VA
Wofford College,Spartanburg,South Carolina,Southern Conference,D1,SC
University of Denver,Denver,Colorado,The Summit League,D1,CO
Eastern Illinois University,Charleston,Illinois,The Summit League,D1,IL
University of Missouri–Kansas City,Kansas City,Missouri,The Summit League,D1,MO
Lindenwood University,St. Charles,Missouri,The Summit League,D1,MO
University of Nebraska Omaha,Omaha,Nebraska,The Summit League,D1,NE
Oral Roberts University,Tulsa,Oklahoma,The Summit League,D1,OK
University of St. Thomas,Saint Paul,Minnesota,The Summit League,D1,MN
University of Southern Indiana,Evansville,Indiana,The Summit League,D1,IN
Western Illinois University,Macomb,Illinois,The Summit League,D1,IL
Coastal Carolina University,Conway,South Carolina,Sun Belt Conference,D1,SC
Georgia Southern University,Statesboro,Georgia,Sun Belt Conference,D1,GA
Georgia State University,Atlanta,Georgia,Sun Belt Conference,D1,GA
James Madison University,Harrisonburg,Virginia,Sun Belt Conference,D1,VA
University of Kentucky,Lexington,Kentucky,Sun Belt Conference,D1,KY
Marshall University,Huntington,West Virginia,Sun Belt Conference,D1,WV
Old Dominion University,Norfolk,Virginia,Sun Belt Conference,D1,VA
University of South Carolina,Columbia,South Carolina,Sun Belt Conference,D1,SC
West Virginia University,Morgantown,West Virginia,Sun Belt Conference,D1,WV
Gonzaga University,Spokane,Washington,West Coast Conference,D1,WA
Loyola Marymount University,Los Angeles,California,West Coast Conference,D1,CA
University of the Pacific,Stockton,California,West Coast Conference,D1,CA
University of Portland,Portland,Oregon,West Coast Conference,D1,OR
Saint Mary's College of California,Moraga,California,West Coast Conference,D1,CA
University of San Diego,San Diego,California,West Coast Conference,D1,CA
University of San Francisco,San Francisco,California,West Coast Conference,D1,CA
Santa Clara University,Santa Clara,California,West Coast Conference,D1,CA
United States Air Force Academy,Colorado Springs,Colorado,Western Athletic Conference,D1,CO
California Baptist University,Riverside,California,Western Athletic Conference,D1,CA
Grand Canyon University,Phoenix,Arizona,Western Athletic Conference,D1,AZ
Houston Christian University,Houston,Texas,Western Athletic Conference,D1,TX
San Jose State University,San Jose,California,Western Athletic Conference,D1,CA
Seattle University,Seattle,Washington,Western Athletic Conference,D1,WA
"University of Nevada, Las Vegas",Paradise,Nevada,Western Athletic Conference,D1,NV
Utah Tech University,St. George,Utah,Western Athletic Conference,D1,UT
Utah Valley University,Orem,Utah,Western Athletic Conference,D1,UT
University of Texas Rio Grande Valley,Edinburg,Texas,Western Athletic Conference,D1,TX
Academy of Art University,San Francisco,California,Pacific West Conference,D2,CA
Adams State University,Alamosa,Colorado,Rocky Mountain Athletic Conference,D2,CO
Adelphi University,Garden City,New York,Northeast-10 Conference,D2,NY
University of Alabama in Huntsville,Huntsville,Alabama,Gulf South Conference,D2,AL
Alderson Broaddus University,Philippi,West Virginia,Mountain East Conference,D2,WV
Alliance University,Manhattan,New York,Central Atlantic Collegiate Conference,D2,NY
American International College,Springfield,Massachusetts,Northeast-10 Conference,D2,MA
Anderson University,Anderson,South Carolina,South Atlantic Conference,D2,SC
Ashland University,Ashland,Ohio,Great Midwest Athletic Conference,D2,OH
Assumption University,Worcester,Massachusetts,Northeast-10 Conference,D2,MA
Auburn University at Montgomery,Montgomery,Alabama,Gulf South Conference,D2,AL
Azusa Pacific University,Azusa,California,Pacific West Conference,D2,CA
Barry University,Miami Shores,Florida,Sunshine State Conference,D2,FL
Barton College,Wilson,North Carolina,Conference Carolinas,D2,NC
Belmont Abbey College,Belmont,North Carolina,Conference Carolinas,D2,NC
Bentley University,Waltham,Massachusetts,Northeast-10 Conference,D2,MA
Biola University,La Mirada,California,Pacific West Conference,D2,CA
Bloomfield College,Bloomfield,New Jersey,Central Atlantic Collegiate Conference,D2,NJ
Bloomsburg University of Pennsylvania,Bloomsburg,Pennsylvania,Pennsylvania State Athletic Conference,D2,PA
University of Bridgeport,Bridgeport,Connecticut,Central Atlantic Collegiate Conference,D2,CT
Caldwell University,Caldwell,New Jersey,Central Atlantic Collegiate Conference,D2,NJ
"California State Polytechnic University, Humboldt",Arcata,California,California Collegiate Athletic Association,D2,CA
"California State Polytechnic University, Pomona",Pomona,California,California Collegiate Athletic Association,D2,CA
"California State University, Chico",Chico,California,California Collegiate Athletic Association,D2,CA
"California State University, Dominguez Hills",Carson,California,California Collegiate Athletic Association,D2,CA
"California State University, East Bay",Hayward,California,California Collegiate Athletic Association,D2,CA
"California State University, Los Angeles",Los Angeles,California,California Collegiate Athletic Association,D2,CA
"California State University, Monterey Bay",Seaside,California,California Collegiate Athletic Association,D2,CA
"California State University, San Bernardino",San Bernardino,California,California Collegiate Athletic Association,D2,CA
California State University San Marcos,San Marcos,California,California Collegiate Athletic Association,D2,CA
"California State University, Stanislaus",Turlock,California,California Collegiate Athletic Association,D2,CA
Carson–Newman University,Jefferson City,Tennessee,South Atlantic Conference,D2,TN
Catawba College,Salisbury,North Carolina,South Atlantic Conference,D2,NC
Cedarville University,Cedarville,Ohio,Great Midwest Athletic Conference,D2,OH
Chaminade University of Honolulu,Honolulu,Hawai'i,Pacific West Conference,D2,
University of Charleston,Charleston,West Virginia,Mountain East Conference,D2,WV
Chestnut Hill College,Philadelphia,Pennsylvania,Central Atlantic Collegiate Conference,D2,PA
Chowan University,Murfreesboro,North Carolina,Conference Carolinas,D2,NC
Christian Brothers University,Memphis,Tennessee,Gulf South Conference,D2,TN
Clayton State University,Morrow,Georgia,Peach Belt Conference,D2,GA
Coker University,Hartsville,South Carolina,South Atlantic Conference,D2,SC
Colorado Christian University,Lakewood,Colorado,Rocky Mountain Athletic Conference,D2,CO
Colorado Mesa University,Grand Junction,Colorado,Rocky Mountain Athletic Conference,D2,CO
Colorado School of Mines,Golden,Colorado,Rocky Mountain Athletic Conference,D2,CO
Colorado State University–Pueblo,Pueblo,Colorado,Rocky Mountain Athletic Conference,D2,CO
University of Colorado Colorado Springs,Colorado Springs,Colorado,Rocky Mountain Athletic Conference,D2,CO
Concord University,Athens,West Virginia,Mountain East Conference,D2,WV
Concordia University–Irvine,Irvine,California,Pacific West Conference,D2,CA
Converse University,Spartanburg,South Carolina,Conference Carolinas,D2,SC
Daemen University,Amherst,New York,East Coast Conference,D2,NY
Dallas Baptist University,Dallas,Texas,Lone Star Conference,D2,TX
Davenport University,Grand Rapids,Michigan,Great Lakes Intercollegiate Athletic Conference,D2,MI
Davis & Elkins College,Elkins,West Virginia,Mountain East Conference,D2,WV
Delta State University,Cleveland,Mississippi,Gulf South Conference,D2,MS
University of the District of Columbia,Washington,District of Columbia,East Coast Conference,D2,DC
Dominican University of California,San Rafael,California,Pacific West Conference,D2,CA
Dominican University New York,Orangeburg,New York,Central Atlantic Collegiate Conference,D2,NY
Drury University,Springfield,Missouri,Great Lakes Valley Conference,D2,MO
D'Youville University,Buffalo,New York,East Coast Conference,D2,NY
East Stroudsburg University of Pennsylvania,East Stroudsburg,Pennsylvania,Pennsylvania State Athletic Conference,D2,PA
Eastern New Mexico University,Portales,New Mexico,Lone Star Conference,D2,NM
Eckerd College,St. Petersburg,Florida,Sunshine State Conference,D2,FL
Embry–Riddle Aeronautical University,Daytona Beach,Florida,Sunshine State Conference,D2,FL
Emmanuel College,Franklin Springs,Georgia,Conference Carolinas,D2,GA
Emory and Henry College,Emory,Virginia,South Atlantic Conference,D2,VA
Erskine College,Due West,South Carolina,Conference Carolinas,D2,SC
Felician University,Rutherford,New Jersey,Central Atlantic Collegiate Conference,D2,NJ
University of Findlay,Findlay,Ohio,Great Midwest Athletic Conference,D2,OH
Flagler College,St. Augustine,Florida,Peach Belt Conference,D2,FL
Florida Southern College,Lakeland,Florida,Sunshine State Conference,D2,FL
Florida Institute of Technology,Melbourne,Florida,Sunshine State Conference,D2,FL
Fort Hays State University,Hays,Kansas,Great American Conference,D2,KS
Fort Lewis College,Durango,Colorado,Rocky Mountain Athletic Conference,D2,CO
Francis Marion University,Florence,South Carolina,Conference Carolinas,D2,SC
Franklin Pierce University,Rindge,New Hampshire,Northeast-10 Conference,D2,NH
Fresno Pacific University,Fresno,California,Pacific West Conference,D2,CA
Frostburg State University,Frostburg,Maryland,Mountain East Conference,D2,MD
Gannon University,Erie,Pennsylvania,Pennsylvania State Athletic Conference,D2,PA
Georgia Southwestern State University,Americus,Georgia,Peach Belt Conference,D2,GA
Georgian Court University,Lakewood,New Jersey,Central Atlantic Collegiate Conference,D2,NJ
Goldey–Beacom College,Pike Creek Valley,Delaware,Central Atlantic Collegiate Conference,D2,DE
Harding University,Searcy,Arkansas,Great American Conference,D2,AR
Hawai'i Pacific University,Honolulu,Hawai'i,Pacific West Conference,D2,
University of Hawai'i at Hilo,Hilo,Hawai'i,Pacific West Conference,D2,
Holy Family University,Philadelphia,Pennsylvania,Central Atlantic Collegiate Conference,D2,PA
University of Illinois at Springfield,Springfield,Illinois,Great Lakes Valley Conference,D2,IL
University of Indianapolis,Indianapolis,Indiana,Great Lakes Valley Conference,D2,IN
Kentucky Wesleyan College,Owensboro,Kentucky,Great Midwest Athletic Conference,D2,KY
King University,Bristol,Tennessee,Conference Carolinas,D2,TN
Lake Erie College,Painesville,Ohio,Great Midwest Athletic Conference,D2,OH
Lander University,Greenwood,South Carolina,Peach Belt Conference,D2,SC
Le Moyne College,Syracuse,New York,Northeast-10 Conference,D2,NY
Lee University,Cleveland,Tennessee,Gulf South Conference,D2,TN
Lees–McRae College,Banner Elk,North Carolina,Conference Carolinas,D2,NC
Lenoir–Rhyne University,Hickory,North Carolina,South Atlantic Conference,D2,NC
Lewis University,Romeoville,Illinois,Great Lakes Valley Conference,D2,IL
Limestone University,Gaffney,South Carolina,Conference Carolinas,D2,SC
Lincoln Memorial University,Harrogate,Tennessee,South Atlantic Conference,D2,TN
Lock Haven University of Pennsylvania,Lock Haven,Pennsylvania,Pennsylvania State Athletic Conference,D2,PA
Lubbock Christian University,Lubbock,Texas,Lone Star Conference,D2,TX
Lynn University,Boca Raton,Florida,Sunshine State Conference,D2,FL
Malone University,Canton,Ohio,Great Midwest Athletic Conference,D2,OH
Mars Hill University,Mars Hill,North Carolina,South Atlantic Conference,D2,NC
Maryville University,St. Louis,Missouri,Great Lakes Valley Conference,D2,MO
McKendree University,Lebanon,Illinois,Great Lakes Valley Conference,D2,IL
Mercy College,Dobbs Ferry,New York,East Coast Conference,D2,NY
Mercyhurst University,Erie,Pennsylvania,Pennsylvania State Athletic Conference,D2,PA
Metropolitan State University of Denver,Denver,Colorado,Rocky Mountain Athletic Conference,D2,CO
Midwestern State University,Wichita Falls,Texas,Lone Star Conference,D2,TX
Millersville University of Pennsylvania,Millersville,Pennsylvania,Pennsylvania State Athletic Conference,D2,PA
Mississippi College,Clinton,Mississippi,Gulf South Conference,D2,MS
Missouri University of Science and Technology,Rolla,Missouri,Great Lakes Valley Conference,D2,MO
University of Missouri–St. Louis,St. Louis,Missouri,Great Lakes Valley Conference,D2,MO
Molloy University,Rockville Centre,New York,East Coast Conference,D2,NY
Montana State University Billings,Billings,Montana,Great Northwest Athletic Conference,D2,MT
University of Montevallo,Montevallo,Alabama,Gulf South Conference,D2,AL
University of Mount Olive,Mount Olive,North Carolina,Conference Carolinas,D2,NC
University of New Haven,West Haven,Connecticut,Northeast-10 Conference,D2,CT
New York Institute of Technology,Old Westbury,New York,East Coast Conference,D2,NY
Newberry College,Newberry,South Carolina,South Atlantic Conference,D2,SC
Newman University,Wichita,Kansas,Great American Conference,D2,KS
University of North Georgia,Dahlonega,Georgia,Peach Belt Conference,D2,GA
North Greenville University,Tigerville,South Carolina,Conference Carolinas,D2,SC
Northeastern State University,Tahlequah,Oklahoma,Great American Conference,D2,OK
Northern Michigan University,Marquette,Michigan,Great Lakes Intercollegiate Athletic Conference,D2,MI
Northwest Nazarene University,Nampa,Idaho,Great Northwest Athletic Conference,D2,ID
Northwood University,Midland,Michigan,Great Midwest Athletic Conference,D2,MI
Notre Dame College,South Euclid,Ohio,Mountain East Conference,D2,OH
Nova Southeastern University,Davie,Florida,Sunshine State Conference,D2,FL
Ohio Dominican University,Columbus,Ohio,Great Midwest Athletic Conference,D2,OH
Oklahoma Baptist University,Shawnee,Oklahoma,Great American Conference,D2,OK
Oklahoma Christian University,Oklahoma City,Oklahoma,Lone Star Conference,D2,OK
Ouachita Baptist University,Arkadelphia,Arkansas,Great American Conference,D2,AR
Palm Beach Atlantic University,West Palm Beach,Florida,Sunshine State Conference,D2,FL
Pennsylvania Western University California,California,Pennsylvania,Pennsylvania State Athletic Conference,D2,PA
University of Pittsburgh at Johnstown,Johnstown,Pennsylvania,Pennsylvania State Athletic Conference,D2,PA
Point Loma Nazarene University,San Diego,California,Pacific West Conference,D2,CA
Post University,Waterbury,Connecticut,Central Atlantic Collegiate Conference,D2,CT
Purdue University Northwest,Hammond,Indiana,Great Lakes Intercollegiate Athletic Conference,D2,IN
Queens College,Flushing,New York,East Coast Conference,D2,NY
Quincy University,Quincy,Illinois,Great Lakes Valley Conference,D2,IL
Regis University,Denver,Colorado,Rocky Mountain Athletic Conference,D2,CO
Roberts Wesleyan College,North Chili,New York,East Coast Conference,D2,NY
Rockhurst University,Kansas City,Missouri,Great Lakes Valley Conference,D2,MO
Rogers State University,Claremore,Oklahoma,Great American Conference,D2,OK
Rollins College,Winter Park,Florida,Sunshine State Conference,D2,FL
Saginaw Valley State University,University Center,Michigan,Great Lakes Intercollegiate Athletic Conference,D2,MI
Saint Anselm College,Goffstown,New Hampshire,Northeast-10 Conference,D2,NH
St. Cloud State University,St. Cloud,Minnesota,Northern Sun Intercollegiate Conference,D2,MN
Saint Leo University,St. Leo,Florida,Sunshine State Conference,D2,FL
Saint Martin's University,Lacey,Washington,Great Northwest Athletic Conference,D2,WA
St. Mary's University,San Antonio,Texas,Lone Star Conference,D2,TX
Saint Michael's College,Colchester,Vermont,Northeast-10 Conference,D2,VT
College of Saint Rose,Albany,New York,Northeast-10 Conference,D2,NY
St. Thomas Aquinas College,Sparkill,New York,East Coast Conference,D2,NY
Salem University,Salem,West Virginia,Independent,D2,WV
San Francisco State University,San Francisco,California,California Collegiate Athletic Association,D2,CA
Seattle Pacific University,Seattle,Washington,Great Northwest Athletic Conference,D2,WA
Seton Hill University,Greensburg,Pennsylvania,Pennsylvania State Athletic Conference,D2,PA
Shaw University,Raleigh,North Carolina,Independent,D2,NC
Shepherd University,Shepherdstown,West Virginia,Pennsylvania State Athletic Conference,D2,WV
Shippensburg University of Pennsylvania,Shippensburg,Pennsylvania,Pennsylvania State Athletic Conference,D2,PA
Shorter University,Rome,Georgia,Gulf South Conference,D2,GA
Simon Fraser University,Burnaby,British Columbia,Great Northwest Athletic Conference,D2,
Slippery Rock University of Pennsylvania,Slippery Rock,Pennsylvania,Pennsylvania State Athletic Conference,D2,PA
Sonoma State University,Rohnert Park,California,California Collegiate Athletic Association,D2,CA
University of South Carolina Aiken,Aiken,South Carolina,Peach Belt Conference,D2,SC
South Dakota School of Mines and Technology,Rapid City,South Dakota,Rocky Mountain Athletic Conference,D2,SD
Southern Connecticut State University,New Haven,Connecticut,Northeast-10 Conference,D2,CT
Southern Nazarene University,Bethany,Oklahoma,Great American Conference,D2,OK
Southern New Hampshire University,Manchester,New Hampshire,Northeast-10 Conference,D2,NH
Southern Wesleyan University,Central,South Carolina,Conference Carolinas,D2,SC
Southwest Baptist University,Bolivar,Missouri,Great Lakes Valley Conference,D2,MO
Spring Hill College,Mobile,Alabama,Gulf South Conference,D2,AL
College of Staten Island,Staten Island,New York,East Coast Conference,D2,NY
University of Tampa,Tampa,Florida,Sunshine State Conference,D2,FL
Texas A&M International University,Laredo,Texas,Lone Star Conference,D2,TX
University of Texas Permian Basin,Odessa,Texas,Lone Star Conference,D2,TX
University of Texas at Tyler,Tyler,Texas,Lone Star Conference,D2,TX
Thomas Jefferson University,Philadelphia,Pennsylvania,Central Atlantic Collegiate Conference,D2,PA
Thomas More University,Crestview Hills,Kentucky,Great Midwest Athletic Conference,D2,KY
Tiffin University,Tiffin,Ohio,Great Midwest Athletic Conference,D2,OH
Trevecca Nazarene University,Nashville,Tennessee,Great Midwest Athletic Conference,D2,TN
Truman State University,Kirksville,Missouri,Great Lakes Valley Conference,D2,MO
Tusculum College,Greeneville,Tennessee,South Atlantic Conference,D2,TN
Union University,Jackson,Tennessee,Gulf South Conference,D2,TN
Upper Iowa University,Fayette,Iowa,Great Lakes Valley Conference,D2,IA
Walsh University,North Canton,Ohio,Great Midwest Athletic Conference,D2,OH
University of West Alabama,Livingston,Alabama,Gulf South Conference,D2,AL
West Chester University,West Chester,Pennsylvania,Pennsylvania State Athletic Conference,D2,PA
University of West Florida,Pensacola,Florida,Gulf South Conference,D2,FL
West Liberty University,West Liberty,West Virginia,Mountain East Conference,D2,WV
West Texas A&M University,Canyon,Texas,Lone Star Conference,D2,TX
West Virginia Wesleyan College,Buckhannon,West Virginia,Mountain East Conference,D2,WV
Western Washington University,Bellingham,Washington,Great Northwest Athletic Conference,D2,WA
Westminster College,Salt Lake City,Utah,Rocky Mountain Athletic Conference,D2,UT
Westmont College,Santa Barbara,California,Pacific West Conference,D2,CA
Wheeling University,Wheeling,West Virginia,Mountain East Conference,D2,WV
William Jewell College,Liberty,Missouri,Great Lakes Valley Conference,D2,MO
Wilmington University,New Castle,Delaware,Central Atlantic Collegiate Conference,D2,DE
Wingate University,Wingate,North Carolina,South Atlantic Conference,D2,NC
University of Wisconsin–Parkside,Kenosha,Wisconsin,Great Lakes Valley Conference,D2,WI
Young Harris College,Young Harris,Georgia,Conference Carolinas,D2,GA
Adrian College,Adrian,Michigan,Michigan Intercollegiate Athletic Association,D3,MI
Agnes Scott College,Decatur,Georgia,Collegiate Conference of the South,D3,GA
Albertus Magnus College,New Haven,Connecticut,Great Northeast Athletic Conference,D3,CT
Albion College,Albion,Michigan,Michigan Intercollegiate Athletic Association,D3,MI
Albright College,Reading,Pennsylvania,MAC Commonwealth,D3,PA
Alfred University,Alfred,New York,Empire 8,D3,NY
Alfred State College,Alfred,New York,Allegheny Mountain Collegiate Conference,D3,NY
Allegheny College,Meadville,Pennsylvania,Presidents' Athletic Conference,D3,PA
Alma College,Alma,Michigan,Michigan Intercollegiate Athletic Association,D3,MI
Alvernia University,Reading,Pennsylvania,MAC Commonwealth,D3,PA
Alverno College,Milwaukee,Wisconsin,Northern Athletics Collegiate Conference,D3,WI
Amherst College,Amherst,Massachusetts,New England Small College Athletic Conference,D3,MA
Anderson University,Anderson,Indiana,Heartland Collegiate Athletic Conference,D3,IN
Anna Maria College,Paxton,Massachusetts,Great Northeast Athletic Conference,D3,MA
Arcadia University,Glenside,Pennsylvania,MAC Freedom,D3,PA
Asbury University,Wilmore,Kentucky,Independent,D3,KY
Augsburg University,Minneapolis,Minnesota,Minnesota Intercollegiate Athletic Conference,D3,MN
Augustana College,Rock Island,Illinois,College Conference of Illinois and Wisconsin,D3,IL
Aurora University,Aurora,Illinois,Northern Athletics Collegiate Conference,D3,IL
Austin College,Sherman,Texas,Southern Collegiate Athletic Conference,D3,TX
Averett University,Danville,Virginia,Old Dominion Athletic Conference,D3,VA
Babson College,Wellesley,Massachusetts,New England Women's and Men's Athletic Conference,D3,MA
Baldwin Wallace University,Berea,Ohio,Ohio Athletic Conference,D3,OH
Bard College,Annandale-on-Hudson,New York,Liberty League,D3,NY
Baruch College,New York,New York,City University of New York Athletic Conference,D3,NY
Bates College,Lewiston,Maine,New England Small College Athletic Conference,D3,ME
Belhaven University,Jackson,Mississippi,Collegiate Conference of the South,D3,MS
Beloit College,Beloit,Wisconsin,Midwest Conference,D3,WI
Benedictine University,Lisle,Illinois,Northern Athletics Collegiate Conference,D3,IL
Berea College,Berea,Kentucky,Collegiate Conference of the South,D3,KY
Berry College,Mount Berry,Georgia,Southern Athletic Association,D3,GA
Bethany College,Bethany,West Virginia,Presidents' Athletic Conference,D3,WV
Bethany Lutheran College,Mankato,Minnesota,Upper Midwest Athletic Conference,D3,MN
Bethel University,Arden Hills,Minnesota,Minnesota Intercollegiate Athletic Conference,D3,MN
Birmingham–Southern College,Birmingham,Alabama,Southern Athletic Association,D3,AL
Blackburn College,Carlinville,Illinois,St. Louis Intercollegiate Athletic Conference,D3,IL
Bluffton University,Bluffton,Ohio,Heartland Collegiate Athletic Conference,D3,OH
Bob Jones University,Greenville,South Carolina,Independent,D3,SC
Bowdoin College,Brunswick,Maine,New England Small College Athletic Conference,D3,ME
Brandeis University,Waltham,Massachusetts,University Athletic Association,D3,MA
Brevard College,Brevard,North Carolina,USA South Athletic Conference,D3,NC
Bridgewater College,Bridgewater,Virginia,Old Dominion Athletic Conference,D3,VA
Bridgewater State University,Bridgewater,Massachusetts,Massachusetts State Collegiate Athletic Conference,D3,MA
Brooklyn College,Brooklyn,New York,City University of New York Athletic Conference,D3,NY
Bryn Athyn College,Bryn Athyn,Pennsylvania,Colonial States Athletic Conference,D3,PA
Bryn Mawr College,Bryn Mawr,Pennsylvania,Centennial Conference,D3,PA
Buena Vista University,Storm Lake,Iowa,American Rivers Conference,D3,IA
Buffalo State College,Buffalo,New York,State University of New York Athletic Conference,D3,NY
Cabrini University,Radnor,Pennsylvania,Atlantic East Conference,D3,PA
Cairn University,Langhorne,Pennsylvania,Colonial States Athletic Conference,D3,PA
California Institute of Technology,Pasadena,California,Southern California Intercollegiate Athletic Conference,D3,CA
California Lutheran University,Thousand Oaks,California,Southern California Intercollegiate Athletic Conference,D3,CA
"University of California, Santa Cruz",Santa Cruz,California,Coast to Coast Athletic Conference,D3,CA
Calvin University,Grand Rapids,Michigan,Michigan Intercollegiate Athletic Association,D3,MI
Capital University,Bexley,Ohio,Ohio Athletic Conference,D3,OH
Carleton College,Northfield,Minnesota,Minnesota Intercollegiate Athletic Conference,D3,MN
Carnegie Mellon University,Pittsburgh,Pennsylvania,University Athletic Association,D3,PA
Carroll University,Waukesha,Wisconsin,College Conference of Illinois and Wisconsin,D3,WI
Carthage College,Kenosha,Wisconsin,College Conference of Illinois and Wisconsin,D3,WI
Case Western Reserve University,Cleveland,Ohio,University Athletic Association,D3,OH
Castleton University,Castleton,Vermont,Little East Conference,D3,VT
Catholic University of America,Washington,District of Columbia,Landmark Conference,D3,DC
Cazenovia College,Cazenovia,New York,North Atlantic Conference,D3,NY
Cedar Crest College,Allentown,Pennsylvania,Colonial States Athletic Conference,D3,PA
Centenary College of Louisiana,Shreveport,Louisiana,Southern Collegiate Athletic Conference,D3,LA
Centenary University,Hackettstown,New Jersey,Colonial States Athletic Conference,D3,NJ
Central College,Pella,Iowa,American Rivers Conference,D3,IA
Centre College,Danville,Kentucky,Southern Athletic Association,D3,KY
Chapman University,Orange,California,Southern California Intercollegiate Athletic Conference,D3,CA
Chatham University,Pittsburgh,Pennsylvania,Presidents' Athletic Conference,D3,PA
University of Chicago,Chicago,Illinois,University Athletic Association,D3,IL
Christopher Newport University,Newport News,Virginia,Coast to Coast Athletic Conference,D3,VA
City College of New York,New York,New York,City University of New York Athletic Conference,D3,NY
"Claremont McKenna College, Harvey Mudd College, and Scripps College",Claremont,California,Southern California Intercollegiate Athletic Conference,D3,CA
Clark University,Worcester,Massachusetts,New England Women's and Men's Athletic Conference,D3,MA
Clarks Summit University,Clarks Summit,Pennsylvania,Colonial States Athletic Conference,D3,PA
Clarkson University,Potsdam,New York,Liberty League,D3,NY
Coe College,Cedar Rapids,Iowa,American Rivers Conference,D3,IA
Colby College,Waterville,Maine,New England Small College Athletic Conference,D3,ME
Colby–Sawyer College,New London,New Hampshire,Great Northeast Athletic Conference,D3,NH
Colorado College,Colorado Springs,Colorado,Southern Collegiate Athletic Conference,D3,CO
Concordia College,Moorhead,Minnesota,Minnesota Intercollegiate Athletic Conference,D3,MN
Concordia University Chicago,River Forest,Illinois,Northern Athletics Collegiate Conference,D3,IL
Concordia University Texas,Austin,Texas,American Southwest Conference,D3,TX
Concordia University Wisconsin,Mequon,Wisconsin,Northern Athletics Collegiate Conference,D3,WI
Connecticut College,New London,Connecticut,New England Small College Athletic Conference,D3,CT
Cornell College,Mount Vernon,Iowa,Midwest Conference,D3,IA
Covenant College,Lookout Mountain,Georgia,Collegiate Conference of the South,D3,GA
Crown College,St. Bonifacius,Minnesota,Upper Midwest Athletic Conference,D3,MN
Curry College,Milton,Massachusetts,Commonwealth Coast Conference,D3,MA
University of Dallas,Irving,Texas,Southern Collegiate Athletic Conference,D3,TX
Dean College,Franklin,Massachusetts,Great Northeast Athletic Conference,D3,MA
Defiance College,Defiance,Ohio,Heartland Collegiate Athletic Conference,D3,OH
Delaware Valley University,Doylestown,Pennsylvania,MAC Freedom,D3,PA
Denison University,Granville,Ohio,North Coast Athletic Conference,D3,OH
DePauw University,Greencastle,Indiana,North Coast Athletic Conference,D3,IN
DeSales University,Center Valley,Pennsylvania,MAC Freedom,D3,PA
Dickinson College,Carlisle,Pennsylvania,Centennial Conference,D3,PA
Dominican University,River Forest,Illinois,Northern Athletics Collegiate Conference,D3,IL
Drew University,Madison,New Jersey,Landmark Conference,D3,NJ
University of Dubuque,Dubuque,Iowa,American Rivers Conference,D3,IA
Earlham College,Richmond,Indiana,Heartland Collegiate Athletic Conference,D3,IN
East Texas Baptist University,Marshall,Texas,American Southwest Conference,D3,TX
Eastern Connecticut State University,Willimantic,Connecticut,Little East Conference,D3,CT
Eastern Mennonite University,Harrisonburg,Virginia,Old Dominion Athletic Conference,D3,VA
Eastern Nazarene College,Quincy,Massachusetts,New England Collegiate Conference(North Atlantic Conference in 2023),D3,MA
Eastern University,St. Davids,Pennsylvania,MAC Commonwealth,D3,PA
Edgewood College,Madison,Wisconsin,Northern Athletics Collegiate Conference,D3,WI
Elizabethtown College,Elizabethtown,Pennsylvania,Landmark Conference,D3,PA
Elmhurst University,Elmhurst,Illinois,College Conference of Illinois and Wisconsin,D3,IL
Elmira College,Elmira,New York,Empire 8,D3,NY
Elms College,Chicopee,Massachusetts,Great Northeast Athletic Conference,D3,MA
Emerson College,Boston,Massachusetts,New England Women's and Men's Athletic Conference,D3,MA
Emmanuel College,Boston,Massachusetts,Great Northeast Athletic Conference,D3,MA
Emory University,Atlanta,Georgia,University Athletic Association,D3,GA
Endicott College,Beverly,Massachusetts,Commonwealth Coast Conference,D3,MA
Eureka College,Eureka,Illinois,St. Louis Intercollegiate Athletic Conference,D3,IL
"Fairleigh Dickinson University, Florham",Madison/Florham Park,New Jersey,MAC Freedom,D3,NJ
Farmingdale State College,Farmingdale,New York,Skyline Conference,D3,NY
Ferrum College,Ferrum,Virginia,Old Dominion Athletic Conference,D3,VA
Finlandia University,Hancock,Michigan,Coast to Coast Athletic Conference,D3,MI
Fitchburg State University,Fitchburg,Massachusetts,Massachusetts State Collegiate Athletic Conference,D3,MA
Fontbonne University,St. Louis,Missouri,St. Louis Intercollegiate Athletic Conference,D3,MO
Framingham State University,Framingham,Massachusetts,Massachusetts State Collegiate Athletic Conference,D3,MA
Franciscan University of Steubenville,Steubenville,Ohio,Presidents' Athletic Conference,D3,OH
Franklin & Marshall College,Lancaster,Pennsylvania,Centennial Conference,D3,PA
Franklin College,Franklin,Indiana,Heartland Collegiate Athletic Conference,D3,IN
Gallaudet University,Washington,District of Columbia,United East Conference,D3,DC
Geneva College,Beaver Falls,Pennsylvania,Presidents' Athletic Conference,D3,PA
George Fox University,Newberg,Oregon,Northwest Conference,D3,OR
Gettysburg College,Gettysburg,Pennsylvania,Centennial Conference,D3,PA
Gordon College,Wenham,Massachusetts,Commonwealth Coast Conference,D3,MA
Goucher College,Towson,Maryland,Landmark Conference,D3,MD
Greensboro College,Greensboro,North Carolina,USA South Athletic Conference,D3,NC
Greenville University,Greenville,Illinois,St. Louis Intercollegiate Athletic Conference,D3,IL
Grinnell College,Grinnell,Iowa,Midwest Conference,D3,IA
Grove City College,Grove City,Pennsylvania,Presidents' Athletic Conference,D3,PA
Guilford College,Greensboro,North Carolina,Old Dominion Athletic Conference,D3,NC
Gustavus Adolphus College,St. Peter,Minnesota,Minnesota Intercollegiate Athletic Conference,D3,MN
Gwynedd Mercy University,Lower Gwynedd Township,Pennsylvania,Atlantic East Conference,D3,PA
Hamilton College,Clinton,New York,New England Small College Athletic Conference,D3,NY
Hamline University,St. Paul,Minnesota,Minnesota Intercollegiate Athletic Conference,D3,MN
Hampden–Sydney College,Hampden Sydney,Virginia,Old Dominion Athletic Conference,D3,VA
Hanover College,Hanover,Indiana,Heartland Collegiate Athletic Conference,D3,IN
Hardin–Simmons University,Abilene,Texas,American Southwest Conference,D3,TX
Hartwick College,Oneonta,New York,Empire 8,D3,NY
Haverford College,Haverford,Pennsylvania,Centennial Conference,D3,PA
Heidelberg University,Tiffin,Ohio,Ohio Athletic Conference,D3,OH
Hendrix College,Conway,Arkansas,Southern Athletic Association,D3,AR
Hilbert College,Hamburg,New York,Allegheny Mountain Collegiate Conference,D3,NY
Hiram College,Hiram,Ohio,North Coast Athletic Conference,D3,OH
Hobart College,Geneva,New York,Liberty League,D3,NY
Hollins University,Roanoke,Virginia,Old Dominion Athletic Conference,D3,VA
Hood College,Frederick,Maryland,MAC Commonwealth,D3,MD
Hope College,Holland,Michigan,Michigan Intercollegiate Athletic Association,D3,MI
Houghton College,Houghton,New York,Empire 8,D3,NY
Howard Payne University,Brownwood,Texas,American Southwest Conference,D3,TX
Hunter College,New York,New York,City University of New York Athletic Conference,D3,NY
Huntingdon College,Montgomery,Alabama,Collegiate Conference of the South,D3,AL
Husson University,Bangor,Maine,North Atlantic Conference,D3,ME
Illinois College,Jacksonville,Illinois,Midwest Conference,D3,IL
Illinois Institute of Technology,Chicago,Illinois,Northern Athletics Collegiate Conference,D3,IL
Illinois Wesleyan University,Bloomington,Illinois,College Conference of Illinois and Wisconsin,D3,IL
Immaculata University,Immaculata,Pennsylvania,Atlantic East Conference,D3,PA
Ithaca College,Ithaca,New York,Liberty League,D3,NY
John Carroll University,University Heights,Ohio,Ohio Athletic Conference,D3,OH
John Jay College of Criminal Justice,New York,New York,City University of New York Athletic Conference,D3,NY
Johns Hopkins University,Baltimore,Maryland,Centennial Conference,D3,MD
Johnson & Wales University,Providence,Rhode Island,Great Northeast Athletic Conference(Commonwealth Coast Conference in 2024),D3,RI
Juniata College,Huntingdon,Pennsylvania,Landmark Conference,D3,PA
Kalamazoo College,Kalamazoo,Michigan,Michigan Intercollegiate Athletic Association,D3,MI
Kean University,Union Township,New Jersey,New Jersey Athletic Conference,D3,NJ
Keene State College,Keene,New Hampshire,Little East Conference,D3,NH
Kenyon College,Gambier,Ohio,North Coast Athletic Conference,D3,OH
Keuka College,Keuka Park,New York,Empire 8,D3,NY
Keystone College,La Plume Township,Pennsylvania,Colonial States Athletic Conference,D3,PA
King's College,Wilkes-Barre,Pennsylvania,MAC Freedom,D3,PA
Knox College,Galesburg,Illinois,Midwest Conference,D3,IL
La Roche University,Pittsburgh,Pennsylvania,Allegheny Mountain Collegiate Conference,D3,PA
University of La Verne,La Verne,California,Southern California Intercollegiate Athletic Conference,D3,CA
LaGrange College,LaGrange,Georgia,Collegiate Conference of the South,D3,GA
Lake Forest College,Lake Forest,Illinois,Midwest Conference,D3,IL
Lakeland University,Sheboygan,Wisconsin,Northern Athletics Collegiate Conference,D3,WI
Lancaster Bible College,Lancaster,Pennsylvania,United East Conference,D3,PA
Lasell College,Newton,Massachusetts,Great Northeast Athletic Conference,D3,MA
Lawrence University,Appleton,Wisconsin,Midwest Conference,D3,WI
Lebanon Valley College,Annville,Pennsylvania,MAC Commonwealth(MAC Freedom in 2023),D3,PA
Lehman College,The Bronx,New York,City University of New York Athletic Conference,D3,NY
Lesley University,Boston,Massachusetts,New England Collegiate Conference(North Atlantic Conference in 2023),D3,MA
LeTourneau University,Longview,Texas,American Southwest Conference,D3,TX
Lewis & Clark College,Portland,Oregon,Northwest Conference,D3,OR
Linfield University,McMinnville,Oregon,Northwest Conference,D3,OR
Loras College,Dubuque,Iowa,American Rivers Conference,D3,IA
Luther College,Decorah,Iowa,American Rivers Conference,D3,IA
Lycoming College,Williamsport,Pennsylvania,MAC Freedom(Landmark Conference in 2023),D3,PA
Lynchburg College,Lynchburg,Virginia,Old Dominion Athletic Conference,D3,VA
Lyon College,Batesville,Arkansas,Independent (St. Louis Intercollegiate Athletic Conference in 2023),D3,AR
Macalester College,St. Paul,Minnesota,Minnesota Intercollegiate Athletic Conference,D3,MN
University of Maine at Farmington,Farmington,Maine,North Atlantic Conference,D3,ME
Maine Maritime Academy,Castine,Maine,North Atlantic Conference,D3,ME
University of Maine at Presque Isle,Presque Isle,Maine,North Atlantic Conference,D3,ME
Manchester University,North Manchester,Indiana,Heartland Collegiate Athletic Conference,D3,IN
Manhattanville College,Purchase,New York,Skyline Conference,D3,NY
Maranatha Baptist University,Watertown,Wisconsin,Independent,D3,WI
Marian University,Fond du Lac,Wisconsin,Northern Athletics Collegiate Conference,D3,WI
Marietta College,Marietta,Ohio,Ohio Athletic Conference,D3,OH
Martin Luther College,New Ulm,Minnesota,Upper Midwest Athletic Conference,D3,MN
Mary Baldwin University,Staunton,Virginia,USA South Athletic Conference,D3,VA
University of Mary Hardin–Baylor,Belton,Texas,American Southwest Conference,D3,TX
University of Mary Washington,Fredericksburg,Virginia,Coast to Coast Athletic Conference,D3,VA
Marymount University,Arlington,Virginia,Atlantic East Conference,D3,VA
Maryville College,Maryville,Tennessee,Collegiate Conference of the South,D3,TN
Marywood University,Scranton,Pennsylvania,Atlantic East Conference,D3,PA
University of Massachusetts Boston,Boston,Massachusetts,Little East Conference,D3,MA
Massachusetts College of Liberal Arts,North Adams,Massachusetts,Massachusetts State Collegiate Athletic Conference,D3,MA
University of Massachusetts Dartmouth,Dartmouth,Massachusetts,Little East Conference,D3,MA
Massachusetts Institute of Technology,Cambridge,Massachusetts,New England Women's and Men's Athletic Conference,D3,MA
Massachusetts Maritime Academy,Buzzards Bay,Massachusetts,Massachusetts State Collegiate Athletic Conference,D3,MA
McDaniel College,Westminster,Maryland,Centennial Conference,D3,MD
McMurry University,Abilene,Texas,American Southwest Conference(Southern Collegiate Athletic Conference in 2024),D3,TX
Medaille College,Buffalo,New York,Empire 8,D3,NY
Medgar Evers College,Brooklyn,New York,City University of New York Athletic Conference,D3,NY
Meredith College,Raleigh,North Carolina,USA South Athletic Conference,D3,NC
Messiah University,Grantham,Pennsylvania,MAC Commonwealth,D3,PA
Methodist University,Fayetteville,North Carolina,USA South Athletic Conference,D3,NC
Middlebury College,Middlebury,Vermont,New England Small College Athletic Conference,D3,VT
Millikin University,Decatur,Illinois,College Conference of Illinois and Wisconsin,D3,IL
Millsaps College,Jackson,Mississippi,Southern Athletic Association,D3,MS
Milwaukee School of Engineering,Milwaukee,Wisconsin,Northern Athletics Collegiate Conference,D3,WI
University of Minnesota Morris,Morris,Minnesota,Upper Midwest Athletic Conference,D3,MN
Misericordia University,Dallas,Pennsylvania,MAC Freedom,D3,PA
Mississippi University for Women,Columbus,Mississippi,St. Louis Intercollegiate Athletic Conference,D3,MS
Mitchell College,New London,Connecticut,New England Collegiate Conference(Great Northeast Athletic Conference in 2023),D3,CT
Monmouth College,Monmouth,Illinois,Midwest Conference,D3,IL
Montclair State University,Montclair,New Jersey,New Jersey Athletic Conference,D3,NJ
Moravian College,Bethlehem,Pennsylvania,Landmark Conference,D3,PA
Mount Aloysius College,Cresson,Pennsylvania,Allegheny Mountain Collegiate Conference,D3,PA
Mount Holyoke College,South Hadley,Massachusetts,New England Women's and Men's Athletic Conference,D3,MA
Mount Mary University,Milwaukee,Wisconsin,Coast to Coast Athletic Conference,D3,WI
Mount St. Joseph University,Cincinnati,Ohio,Heartland Collegiate Athletic Conference,D3,OH
Mount Saint Mary College,Newburgh,New York,Skyline Conference,D3,NY
College of Mount Saint Vincent,The Bronx,New York,Skyline Conference,D3,NY
University of Mount Union,Alliance,Ohio,Ohio Athletic Conference,D3,OH
Muhlenberg College,Allentown,Pennsylvania,Centennial Conference,D3,PA
Muskingum University,New Concord,Ohio,Ohio Athletic Conference,D3,OH
Nazareth College,Pittsford,New York,Empire 8,D3,NY
Nebraska Wesleyan University,Lincoln,Nebraska,American Rivers Conference,D3,NE
Neumann University,Aston,Pennsylvania,Atlantic East Conference,D3,PA
New England College,Henniker,New Hampshire,New England Collegiate Conference(Great Northeast Athletic Conference in 2023),D3,NH
University of New England,Biddeford,Maine,Commonwealth Coast Conference,D3,ME
The College of New Jersey,Ewing,New Jersey,New Jersey Athletic Conference,D3,NJ
New Jersey City University,Jersey City,New Jersey,New Jersey Athletic Conference,D3,NJ
State University of New York at Brockport,Brockport,New York,State University of New York Athletic Conference,D3,NY
State University of New York at Canton,Canton,New York,North Atlantic Conference,D3,NY
State University of New York at Cobleskill,Cobleskill,New York,North Atlantic Conference,D3,NY
State University of New York at Cortland,Cortland,New York,State University of New York Athletic Conference,D3,NY
State University of New York at Delhi,Delhi,New York,North Atlantic Conference,D3,NY
State University of New York at Fredonia,Fredonia,New York,State University of New York Athletic Conference,D3,NY
State University of New York at Geneseo,Geneseo,New York,State University of New York Athletic Conference,D3,NY
State University of New York Maritime College,The Bronx,New York,Skyline Conference,D3,NY
State University of New York at Morrisville,Morrisville,New York,United East Conference(North Atlantic Conference in 2023),D3,NY
State University of New York Polytechnic Institute,Marcy,New York,North Atlantic Conference,D3,NY
State University of New York at New Paltz,New Paltz,New York,State University of New York Athletic Conference,D3,NY
State University of New York at Old Westbury,Old Westbury,New York,Skyline Conference,D3,NY
State University of New York at Oneonta,Oneonta,New York,State University of New York Athletic Conference,D3,NY
State University of New York at Oswego,Oswego,New York,State University of New York Athletic Conference,D3,NY
State University of New York at Plattsburgh,Plattsburgh,New York,State University of New York Athletic Conference,D3,NY
State University of New York at Potsdam,Potsdam,New York,State University of New York Athletic Conference,D3,NY
State University of New York at Purchase,Purchase,New York,Skyline Conference,D3,NY
New York University,New York,New York,University Athletic Association,D3,NY
Nichols College,Dudley,Massachusetts,Commonwealth Coast Conference,D3,MA
North Carolina Wesleyan College,Rocky Mount,North Carolina,USA South Athletic Conference,D3,NC
North Central College,Naperville,Illinois,College Conference of Illinois and Wisconsin,D3,IL
North Central University,Minneapolis,Minnesota,Upper Midwest Athletic Conference,D3,MN
North Park University,Chicago,Illinois,College Conference of Illinois and Wisconsin,D3,IL
Northern Vermont University–Johnson,Johnson,Vermont,North Atlantic Conference,D3,VT
Northern Vermont University–Lyndon,Lyndonville,Vermont,North Atlantic Conference,D3,VT
Northland College,Ashland,Wisconsin,Upper Midwest Athletic Conference,D3,WI
University of Northwestern – St. Paul,Roseville,Minnesota,Upper Midwest Athletic Conference,D3,MN
Norwich University,Northfield,Vermont,Great Northeast Athletic Conference,D3,VT
Notre Dame of Maryland University,Baltimore,Maryland,Colonial States Athletic Conference,D3,MD
Oberlin College,Oberlin,Ohio,North Coast Athletic Conference,D3,OH
Occidental College,Los Angeles,California,Southern California Intercollegiate Athletic Conference,D3,CA
Oglethorpe University,Atlanta,Georgia,Southern Athletic Association,D3,GA
Ohio Northern University,Ada,Ohio,Ohio Athletic Conference,D3,OH
Ohio Wesleyan University,Delaware,Ohio,North Coast Athletic Conference,D3,OH
Olivet College,Olivet,Michigan,Michigan Intercollegiate Athletic Association,D3,MI
Otterbein University,Westerville,Ohio,Ohio Athletic Conference,D3,OH
University of the Ozarks,Clarksville,Arkansas,American Southwest Conference,D3,AR
Pacific Lutheran University,Tacoma,Washington,Northwest Conference,D3,WA
Pacific University,Forest Grove,Oregon,Northwest Conference,D3,OR
Pennsylvania College of Technology,Williamsport,Pennsylvania,United East Conference,D3,PA
"Pennsylvania State University, Abington",Abington,Pennsylvania,United East Conference,D3,PA
"Pennsylvania State University, Altoona",Altoona,Pennsylvania,Allegheny Mountain Collegiate Conference,D3,PA
"Pennsylvania State University, Berks College",Reading,Pennsylvania,United East Conference,D3,PA
"Pennsylvania State University, Behrend",Erie,Pennsylvania,Allegheny Mountain Collegiate Conference,D3,PA
"Pennsylvania State University, Harrisburg",Harrisburg,Pennsylvania,United East Conference,D3,PA
Pfeiffer University,Misenheimer,North Carolina,USA South Athletic Conference,D3,NC
Piedmont University,Demorest,Georgia,Collegiate Conference of the South,D3,GA
University of Pittsburgh at Bradford,Bradford,Pennsylvania,Allegheny Mountain Collegiate Conference,D3,PA
University of Pittsburgh at Greensburg,Greensburg,Pennsylvania,Allegheny Mountain Collegiate Conference,D3,PA
Plymouth State University,Plymouth,New Hampshire,Little East Conference,D3,NH
Pomona College and Pitzer College,Claremont,California,Southern California Intercollegiate Athletic Conference,D3,CA
Pratt Institute,Brooklyn,New York,Coast to Coast Athletic Conference,D3,NY
Principia College,Elsah,Illinois,St. Louis Intercollegiate Athletic Conference,D3,IL
University of Puget Sound,Tacoma,Washington,Northwest Conference,D3,WA
Ramapo College,Mahwah,New Jersey,New Jersey Athletic Conference,D3,NJ
Randolph College,Lynchburg,Virginia,Old Dominion Athletic Conference,D3,VA
Randolph–Macon College,Ashland,Virginia,Old Dominion Athletic Conference,D3,VA
University of Redlands,Redlands,California,Southern California Intercollegiate Athletic Conference,D3,CA
Regis College,Weston,Massachusetts,Great Northeast Athletic Conference,D3,MA
Rensselaer Polytechnic Institute,Troy,New York,Liberty League,D3,NY
Rhode Island College,Providence,Rhode Island,Little East Conference,D3,RI
Rhodes College,Memphis,Tennessee,Southern Athletic Association,D3,TN
Ripon College,Ripon,Wisconsin,Midwest Conference,D3,WI
Rivier University,Nashua,New Hampshire,Great Northeast Athletic Conference,D3,NH
Roanoke College,Salem,Virginia,Old Dominion Athletic Conference,D3,VA
University of Rochester,Rochester,New York,University Athletic Association,D3,NY
Rochester Institute of Technology,Rochester,New York,Liberty League,D3,NY
Rockford University,Rockford,Illinois,Northern Athletics Collegiate Conference,D3,IL
Roger Williams University,Bristol,Rhode Island,Commonwealth Coast Conference,D3,RI
Rose-Hulman Institute of Technology,Terre Haute,Indiana,Heartland Collegiate Athletic Conference,D3,IN
Rosemont College,Rosement,Pennsylvania,Colonial States Athletic Conference,D3,PA
Rowan University,Glassboro,New Jersey,New Jersey Athletic Conference,D3,NJ
Rutgers University–Camden,Camden,New Jersey,New Jersey Athletic Conference,D3,NJ
Rutgers University–Newark,Newark,New Jersey,New Jersey Athletic Conference,D3,NJ
Russell Sage College,Albany & Troy,New York,Empire 8,D3,NY
College of Saint Benedict,St. Joseph,Minnesota,Minnesota Intercollegiate Athletic Conference,D3,MN
St. Catherine University,St. Paul,Minnesota,Minnesota Intercollegiate Athletic Conference,D3,MN
Saint Elizabeth University,Convent Station,New Jersey,United East Conference,D3,NJ
St. John Fisher College,Pittsford,New York,Empire 8,D3,NY
Saint John's University,Collegeville,Minnesota,Minnesota Intercollegiate Athletic Conference,D3,MN
University of Saint Joseph,West Hartford,Connecticut,Great Northeast Athletic Conference,D3,CT
St. Joseph's College,Brooklyn,New York,Skyline Conference,D3,NY
St. Joseph's College,Long Island,New York,Skyline Conference,D3,NY
Saint Joseph's College of Maine,Standish,Maine,Great Northeast Athletic Conference,D3,ME
St. Lawrence University,Canton,New York,Liberty League,D3,NY
Saint Mary's College,Notre Dame,Indiana,Michigan Intercollegiate Athletic Association,D3,IN
St. Mary's College of Maryland,St. Mary's City,Maryland,United East Conference,D3,MD
Saint Mary's University of Minnesota,Winona,Minnesota,Minnesota Intercollegiate Athletic Conference,D3,MN
St. Norbert College,De Pere,Wisconsin,Northern Athletics Collegiate Conference,D3,WI
St. Olaf College,Northfield,Minnesota,Minnesota Intercollegiate Athletic Conference,D3,MN
The College of St. Scholastica,Duluth,Minnesota,Minnesota Intercollegiate Athletic Conference,D3,MN
University of St. Thomas,Houston,Texas,Southern Collegiate Athletic Conference,D3,TX
Saint Vincent College,Latrobe,Pennsylvania,Presidents' Athletic Conference,D3,PA
Salem College,Winston-Salem,North Carolina,USA South Athletic Conference,D3,NC
Salem State University,Salem,Massachusetts,Massachusetts State Collegiate Athletic Conference,D3,MA
Salisbury University,Salisbury,Maryland,Coast to Coast Athletic Conference,D3,MD
Salve Regina University,Newport,Rhode Island,Commonwealth Coast Conference(New England Women's and Men's Athletic Conference in 2023),D3,RI
Sarah Lawrence College,Yonkers,New York,Skyline Conference,D3,NY
Schreiner University,Kerrville,Texas,Southern Collegiate Athletic Conference,D3,TX
University of Scranton,Scranton,Pennsylvania,Landmark Conference,D3,PA
University of the South,Sewanee,Tennessee,Southern Athletic Association,D3,TN
Shenandoah University,Winchester,Virginia,Old Dominion Athletic Conference,D3,VA
Simmons University,Boston,Massachusetts,Great Northeast Athletic Conference,D3,MA
Simpson College,Indianola,Iowa,American Rivers Conference,D3,IA
Skidmore College,Saratoga Springs,New York,Liberty League,D3,NY
Smith College,Northampton,Massachusetts,New England Women's and Men's Athletic Conference,D3,MA
University of Southern Maine,Portland,Maine,Little East Conference,D3,ME
Southern Virginia University,Buena Vista,Virginia,USA South Athletic Conference,D3,VA
Southwestern University,Georgetown,Texas,Southern Collegiate Athletic Conference,D3,TX
Spalding University,Louisville,Kentucky,St. Louis Intercollegiate Athletic Conference,D3,KY
Springfield College,Springfield,Massachusetts,New England Women's and Men's Athletic Conference,D3,MA
Stevens Institute of Technology,Hoboken,New Jersey,MAC Freedom,D3,NJ
Stevenson University,Stevenson,Maryland,MAC Commonwealth,D3,MD
Stockton University,Pomona,New Jersey,New Jersey Athletic Conference,D3,NJ
Suffolk University,Boston,Massachusetts,Commonwealth Coast Conference,D3,MA
Sul Ross State University,Alpine,Texas,American Southwest Conference,D3,TX
Susquehanna University,Selinsgrove,Pennsylvania,Landmark Conference,D3,PA
Swarthmore College,Swarthmore,Pennsylvania,Centennial Conference,D3,PA
Sweet Briar College,Sweet Briar,Virginia,Old Dominion Athletic Conference,D3,VA
University of Texas at Dallas,Dallas,Texas,American Southwest Conference,D3,TX
Texas Lutheran University,Seguin,Texas,Southern Collegiate Athletic Conference,D3,TX
Thiel College,Greenville,Pennsylvania,Presidents' Athletic Conference,D3,PA
Thomas College,Waterville,Maine,North Atlantic Conference,D3,ME
Transylvania University,Lexington,Kentucky,Heartland Collegiate Athletic Conference,D3,KY
Trine University,Angola,Indiana,Michigan Intercollegiate Athletic Association,D3,IN
Trinity College,Hartford,Connecticut,New England Small College Athletic Conference,D3,CT
Trinity University,San Antonio,Texas,Southern Collegiate Athletic Conference,D3,TX
Trinity Washington University,Washington,District of Columbia,Independent,D3,DC
Tufts University,Medford,Massachusetts,New England Small College Athletic Conference,D3,MA
Union College,Schenectady,New York,Liberty League,D3,NY
United States Coast Guard Academy,New London,Connecticut,New England Women's and Men's Athletic Conference,D3,CT
United States Merchant Marine Academy,Kings Point,New York,Skyline Conference,D3,NY
Ursinus College,Collegeville,Pennsylvania,Centennial Conference,D3,PA
Utica University,Utica,New York,Empire 8,D3,NY
University of Valley Forge,Phoenixville,Pennsylvania,Colonial States Athletic Conference,D3,PA
Vassar College,Poughkeepsie,New York,Liberty League,D3,NY
Virginia Wesleyan University,Virginia Beach,Virginia,Old Dominion Athletic Conference,D3,VA
Wabash College,Crawfordsville,Indiana,North Coast Athletic Conference,D3,IN
Warren Wilson College,Swannanoa,North Carolina,Coast to Coast Athletic Conference,D3,NC
Wartburg College,Waverly,Iowa,American Rivers Conference,D3,IA
Washington & Jefferson College,Washington,Pennsylvania,Presidents' Athletic Conference,D3,PA
Washington and Lee University,Lexington,Virginia,Old Dominion Athletic Conference,D3,VA
Washington College,Chestertown,Maryland,Centennial Conference,D3,MD
Washington University in St. Louis,St. Louis,Missouri,University Athletic Association,D3,MO
Waynesburg University,Waynesburg,Pennsylvania,Presidents' Athletic Conference,D3,PA
Webster University,St. Louis,Missouri,St. Louis Intercollegiate Athletic Conference,D3,MO
Wellesley College,Wellesley,Massachusetts,New England Women's and Men's Athletic Conference,D3,MA
Wells College,Aurora,New York,United East Conference(Allegheny Mountain Collegiate Conference in 2023),D3,NY
Wentworth Institute of Technology,Boston,Massachusetts,Commonwealth Coast Conference,D3,MA
Wesleyan College,Macon,Georgia,Collegiate Conference of the South,D3,GA
Wesleyan University,Middletown,Connecticut,New England Small College Athletic Conference,D3,CT
Western Connecticut State University,Danbury,Connecticut,Little East Conference,D3,CT
Western New England University,Springfield,Massachusetts,Commonwealth Coast Conference,D3,MA
Westfield State University,Westfield,Massachusetts,Massachusetts State Collegiate Athletic Conference,D3,MA
Westminster College,Fulton,Missouri,St. Louis Intercollegiate Athletic Conference,D3,MO
Westminster College,New Wilmington,Pennsylvania,Presidents' Athletic Conference,D3,PA
Wheaton College,Wheaton,Illinois,College Conference of Illinois and Wisconsin,D3,IL
Wheaton College,Norton,Massachusetts,New England Women's and Men's Athletic Conference,D3,MA
Whitman College,Walla Walla,Washington,Northwest Conference,D3,WA
Whittier College,Whittier,California,Southern California Intercollegiate Athletic Conference,D3,CA
Whitworth University,Spokane,Washington,Northwest Conference,D3,WA
Widener University,Chester,Pennsylvania,MAC Commonwealth,D3,PA
Wilkes University,Wilkes-Barre,Pennsylvania,MAC Freedom(Landmark Conference in 2023),D3,PA
Willamette University,Salem,Oregon,Northwest Conference,D3,OR
William Paterson University,Wayne,New Jersey,New Jersey Athletic Conference,D3,NJ
William Peace University,Raleigh,North Carolina,USA South Athletic Conference,D3,NC
William Smith College,Geneva,New York,Liberty League,D3,NY
Williams College,Williamstown,Massachusetts,New England Small College Athletic Conference,D3,MA
Wilmington College,Wilmington,Ohio,Ohio Athletic Conference,D3,OH
Wilson College,Chambersburg,Pennsylvania,Colonial States Athletic Conference,D3,PA
University of Wisconsin–Eau Claire,Eau Claire,Wisconsin,Wisconsin Intercollegiate Athletic Conference,D3,WI
University of Wisconsin–La Crosse,La Crosse,Wisconsin,Wisconsin Intercollegiate Athletic Conference,D3,WI
Wisconsin Lutheran College,Milwaukee,Wisconsin,Northern Athletics Collegiate Conference,D3,WI
University of Wisconsin–Oshkosh,Oshkosh,Wisconsin,Wisconsin Intercollegiate Athletic Conference,D3,WI
University of Wisconsin–Platteville,Platteville,Wisconsin,Wisconsin Intercollegiate Athletic Conference,D3,WI
University of Wisconsin–River Falls,River Falls,Wisconsin,Wisconsin Intercollegiate Athletic Conference,D3,WI
University of Wisconsin–Stevens Point,Stevens Point,Wisconsin,Wisconsin Intercollegiate Athletic Conference,D3,WI
University of Wisconsin–Stout,Menomonie,Wisconsin,Wisconsin Intercollegiate Athletic Conference,D3,WI
University of Wisconsin–Superior,Superior,Wisconsin,Upper Midwest Athletic Conference,D3,WI
University of Wisconsin–Whitewater,Whitewater,Wisconsin,Wisconsin Intercollegiate Athletic Conference,D3,WI
Wittenberg University,Springfield,Ohio,North Coast Athletic Conference,D3,OH
College of Wooster,Wooster,Ohio,North Coast Athletic Conference,D3,OH
Worcester Polytechnic Institute,Worcester,Massachusetts,New England Women's and Men's Athletic Conference,D3,MA
Worcester State University,Worcester,Massachusetts,Massachusetts State Collegiate Athletic Conference,D3,MA
Yeshiva University,New York,New York,Skyline Conference,D3,NY
"York College, City University of New York",Queens,New York,City University of New York Athletic Conference,D3,NY
York College of Pennsylvania,York,Pennsylvania,MAC Commonwealth,D3,PA
